publishedAt,authorDisplayName,textDisplay,likeCount
2024-06-02T10:54:05Z,@lilysetiawati7733,Senjata  makan  tuanğŸ¤­,0
2024-05-11T14:54:32Z,@homecare4880,Ibu otake isi kotoran yg berisi aetan,0
2024-05-11T12:37:50Z,@vaniacalysta3210,Kenapa gak suaminya aja yang diracun ğŸ˜¡ malah anaknya yang gak tau apa2ğŸ˜¢,0
2024-05-11T10:56:23Z,@user-qk9sp8ud4d,"Binatang ni ibu , knpa anak diracun , suami yg diracun karna anak tdk pnya salah",0
2024-05-11T09:38:44Z,@trisnosetyawardhana6147,Semoga di dlm penjara jadi mainan napi lain....,0
2024-05-11T08:28:58Z,@inggirwiratama5222,"Hati busuk,  sakit hati sama suaminya kok anaknya di Racun Bu..., mendekamlah skrg dipenjara.",0
2024-05-11T08:27:26Z,@noviantidewi6155,Kenapa ngak kmu racun suami mu.jangan anak yang ngak berdosa kau racun gila kmu,0
2024-05-11T07:57:35Z,@masrudinmas1904,Istri biadap,0
2024-05-11T07:55:31Z,@dewimentari150,"Sebelum di penjara, ibu nya kasih racun tikus juga biar tahu rasağŸ˜…",0
2024-05-11T07:10:37Z,@user-bv2wm9wg5p,Biadap,0
2024-05-11T05:59:47Z,@ketutasih5756,"Di tangkap polisi,langsung pake jilbab kedok iblis",0
2024-05-11T05:46:21Z,@user-vt5qf9kb3i,Aku gk mau tau pelaku harus di hukum mati,0
2024-05-11T03:52:27Z,@user-kl6ck1yl9t,Mogo kenak karma yg pembunuh itu,0
2024-05-11T00:24:48Z,@UjiCoba-dq5zg,Gw juga tinggal sm ibu tiri tpi Alhamdulillah ga sampai segitunya ibu tiri gw ya walaupun kadangÂ² gw suka di omelin tpi dia baik juga ke gw.<br><br>Ga semua ibu tiri jahat ya kawanÂ²,0
2024-05-11T05:51:17Z,@user-vt5qf9kb3i,Gak semua kau bilang bagiku ibu itri itu hampir 90% jahat ke anak suaminya..,0
2024-05-10T14:13:29Z,@user-xk5gj4bq2v,Perempuan gila.gk ad otak anak yatim di gituin,0
2024-05-10T13:25:32Z,@dfcsinc7830,"saya dari SD kelas 3 dirawat ibu tiri face-blue-smiling hidup normal,harusnya ibu tiri disebut juga OKNUM sama seperti pejabat/aparat yg bikin masalah",1
2024-05-11T05:50:24Z,@user-vt5qf9kb3i,Ibu tiri itu dia banyak beban jdi lebih baik sudahi lah rumah tangga nya biar aman,0
2024-05-10T11:31:02Z,@user-qh7yq5ym5c,Gila,0
2024-05-10T11:19:54Z,@user-wd4rh4pz6e,Hukum gantung ajaaa,0
2024-05-10T10:32:04Z,@suminihsuminih6208,Semoga selmat ya nak <br>Uripe sukses aminyaroballmin,1
2024-05-10T10:09:16Z,@evimayasari836,Mudahan ibuk tirinya di azab Allah krna kejahatan yg dibuatnya.,0
2024-05-10T09:33:53Z,@marioagussusanto3783,"Siap bersuami, tp tdk ready jadi ibu tiri .",0
2024-05-10T07:51:36Z,@iraira9642,Ini seorang ibu kah bukan seorang iblis mau bpnya juga mau anaknya lah anggep anak sendiri you ibu iblis hukum aja pk polisi,0
2024-05-10T07:43:45Z,@HANA.437,"Kelakuan umatmu di dunia YA ALLAH,,kejam jahat,,",1
2024-05-10T07:07:02Z,@puizalman8215,Komnas HAM mana?? Silahkan pilih mana yang akan anda bela???,0
2024-05-10T05:33:07Z,@cusnewi5449,inalilahi wainailaihi rojiun kejm bangt allah masi syg sama korban hingga msi bisa selmt,1
2024-05-10T04:24:12Z,@terimongalah8803,"dia pikir kalau anak nya mati, trus bapaknya sayang nya full gitu ke istri nya,, dasar perempuan ber hati iblis,,naudzubilah mindzalik sum&quot;ma naudzubilah mindzalik,,intinya harus super hati hati  dalam memilih pasangan",0
2024-05-10T04:05:37Z,@berlianmutiara1875,"Sakit hati ke suami koq anak nya yg di racun, kenapa gak suaminya aza yg di kasih racun",0
2024-05-10T04:03:12Z,@fenifeni728,Kasihan anak yg tidak berdoa  mau di bunuh kalau senang atau sayang sama bapak nya anaknya juga harus di sayang jgn di bunuh kalau begitu di penjarakan aja ibu tirinya untuk selamanya,0
2024-05-11T06:03:32Z,@user-vt5qf9kb3i,Setuju banget kak ğŸ˜‚,0
2024-05-10T03:42:23Z,@nanitea1060,Menambah imez ibu tiri yang kejam..hati hati para laki laki yang di muliakan allah.kalau kalian duda beranak dan ingin kawin lagi,0
2024-05-10T03:37:31Z,@rusminiwati2846,Ini benar benar apa yg di nyanyikan ibu tiri sangt kejam bukti nyata,0
2024-05-10T03:23:02Z,@asihsihmadiunae5418,ğŸ˜¢astaqfirllah ya Allah,0
2024-05-10T02:50:47Z,@user-yh9iv5zw2m,"Gak semua ibu tiri jahat, makanya buat siapa saja, laki apa perempuan, kalau udah punya anak,jangan asal cinta cocok di nikahi dong, surve dulu dlm hatinya",0
2024-05-10T02:25:13Z,@bundacintakepo880,"Astaghfirullah Hal Adzim Ya Allah Gusti,,,,<br>Salah apa itu anak Tak berdosa,<br>Yang salah orang tuanya, didiklah Anak sebaik mungkin",0
2024-05-10T02:18:48Z,@utarighajab,Hukum matyyyy pelaku biadap segera,0
2024-05-10T02:06:07Z,@elyusuf9377,Kalau aku jdi bpk kandungnya minta tu iblis hukum mati . Ank nggak tau apa&quot; ko jdi sasaran kurang ajar bgt,0
2024-05-10T01:59:18Z,@ujangrahmatuloh8301,Yaallah tega bgt ya manusia zaman sekarang dikit dikit kesel emosi bunuh mukul..lagian klo kesel ma lakinya bapanya racunin aja bapanya jgn anaknya bu kasian anak mah gk ada dosanya salahnya jahat bgt ya jd emak tiri begitu,0
2024-05-10T01:54:46Z,@rastinisiska6721,"Astagfirullah aladzim <br>Innalilahi wainnailaihi rojiun <br>Kenapa ya orang&quot; akhir zaman kok pada tega&quot; sekarang gak perempuan gak laki&quot;,.",0
2024-05-10T01:38:22Z,@user-go8rp4ew9m,Alah sebelum masuk panjara ga pakai jilbab kenapa ya kalau masuk penjara pada pakai jilbab,0
2024-05-10T00:57:33Z,@shofiamuhammad2857,"Liat video anak itu di teras muntah ,dan lemasğŸ˜¢",0
2024-05-10T00:37:59Z,@bundatary25,Anak yatim. Ya Alloh kok tega seperti itu,0
2024-05-10T00:37:26Z,@bundatary25,Semoga perempuan d p3njaraaaaaa.,0
2024-05-10T00:37:06Z,@bundatary25,Ibu Tiri bener2. Jahat,0
2024-05-09T23:37:39Z,@irawanandri9491,"mngkin pemerintah mnguji ulang UU. percobaan dgn sudah dicoba didlm bahasa itu sngt brbeda. dicoba adalah tindakan yg sdh dilakukan,maka hukumanya adalah UU 340 mati/seumur hdp,mninggal atau tdknya korban.",1
2024-05-11T06:10:41Z,@user-vt5qf9kb3i,Tpi kalau kasus nya pembunuhan mmng harus di hukum mati lah biar adil,0
2024-05-09T23:34:27Z,@kodriahahmawi8545,Syng lah darah daging nya aplgi ank ini yatim gk punya ibu  syg bpk nya punya istri sngt kejam,0
2024-05-09T23:31:18Z,@naftesamuhidin2916,"Ya Allah kenpa thn 2024 ini bnyak pembunuhan pengniayaan ,",0
2024-05-09T23:20:57Z,@Free.Palestine07,"Semoga cepat sembuh nak,wanita iblis itu.",0
2024-05-09T22:54:45Z,@aniyuliafitri6161,Serem ya orang jaman sekarang sakit hati dikit membunuh,1
2024-05-09T22:17:59Z,@likamalikalulu9147,Penjarakaan,0
2024-05-09T22:15:09Z,@realme9992,"Ya Allah,,brita tiap hari kok pembunuhan trus ğŸ˜¢",0
2024-05-09T21:59:39Z,@indyfadilla1901,Jaman sekarang banyak iblis berwujud manusia,0
2024-05-09T16:42:04Z,@BudiSetiawan-sn1wc,"Astaghfirullaah, Na&#39;uudzubillaahi min dzaalik.",0
2024-05-09T16:31:04Z,@shantys3772,Pea,0
2024-05-09T16:10:13Z,@bundaindahjbr2330,"Astaqfirullah Ya Allah semoga lekas sembuh yah Nak , ğŸ˜ªğŸ˜ª",1
2024-05-11T05:51:36Z,@user-vt5qf9kb3i,Aamiin,0
2024-05-09T16:00:14Z,@nidyaoktavianti5559,Ini lah alasan saya bertahan hidup. Supaya suami ngga nikah lagi dan terjadi hal2 macam ini..,0
2024-05-09T15:57:48Z,@maheratasik6211,Stagfirullah,0
2024-05-09T15:50:21Z,@RinaAulia-qn5zp,Novi Pratiwi coba liat,0
2024-05-09T15:43:25Z,@ekomujiono4111,"Kesal sama suami, anak tiri jadi sasaran",0
2024-05-09T15:40:25Z,@gerhana4873,Semoga ibu tiri tersebut di hukum gantung..!!!,0
2024-05-09T15:31:22Z,@user-ts7od2zk9t,pak polisi 11/12 dgn gibran,0
2024-05-09T15:13:13Z,@omi224chan,Akhir2 ini banyak bngt  orang yg sakit jiwa,0
2024-05-09T15:08:10Z,@sofiayana3225,Ya  allah,0
2024-05-09T15:03:17Z,@putribaman2146,"Ini bkn pembunuhan berencana, tpi berencana membunuh",0
2024-05-11T06:14:59Z,@user-vt5qf9kb3i,Betul percobaan pembunuhan kalau menurut saya,0
2024-05-09T15:01:54Z,@buaya3638,Allah huakbar makanya aku cerei sama suami anak&quot;u kubawa semuanyağŸ˜¢,4
2024-05-11T05:47:04Z,@user-vt5qf9kb3i,Bagus,1
2024-05-09T15:01:34Z,@putribaman2146,"Klw anak blm besar gak usah nikah lgi pak, urus dulu sampai besar anakmu baru menikah",0
2024-05-11T06:14:17Z,@user-vt5qf9kb3i,Sangat setuju,0
2024-05-09T14:59:41Z,@putribaman2146,Hukum berat ibu tiri kejam biadab,0
2024-05-09T14:58:42Z,@seni4296,"Apa g BS kl ada mslh d bicarakan baik2!? Jngn main bunuh aj, d pke donk akal SHT nya!",0
2024-05-09T14:56:10Z,@sulasmibogor4573,"Ya Alloh anak g&#39; tau apa&quot; jd korban permasalahan kedua orang tuanya, kejamnya ibu tiri",0
2024-05-11T05:52:07Z,@user-vt5qf9kb3i,Sungguh biadab ibu tiri,0
2024-05-09T14:52:37Z,@samyabardan7222,Astagfirllah alajim suru ibu tiri juga minum racun tikus Juga supaya bisa merasakan gimana orang keracinan,0
2024-05-09T14:51:31Z,@ajsasti6296,Ya Tuhan ibukkkâ€¦knpa hrs anak yg hrs kau jadikan pelampiasan. Ada apa dgn org2 di 62 ini.,0
2024-05-09T14:51:30Z,@ggnumber15one85,La kenapa gak suamimu aja yg diracun,0
2024-05-09T14:48:16Z,@rosidaalbertasinabutar5099,"Aduuuhhh...tiap hari ada brita yg tdk enak,,ada apa negeriku??.",0
2024-05-09T14:41:39Z,@anisyrani3353,Di mana hati nurani ibu biadab tak punya hti perut kah,0
2024-05-09T14:39:46Z,@user-cu5ym2uh4o,Inalillahi sadis Amay,0
2024-05-09T14:38:16Z,@lailariyan7284,"Oh pada dasar nya dia mau menghilangkan anak itu karena bapa nya syg sama anak itu, ini iblis betina, di kira sakit hati karena main cewe, cuma karena ikut pulang dan iri dengki biadab sama anak tiri di karenakan bapaknya syg itu anak, amit perempuan tak punya hati",0
2024-05-09T14:38:02Z,@susyyulianto2753,ora pantes di sebut ibu lawong tego karo anak meskipun itu cmn anak tiri.. kau ini dah tau ibu kandung dr anak udah ninggal malah anaknya mo loe bunuh.. gendeng loe..,0
2024-05-09T14:33:44Z,@yenixida5286,Jijal pak pul cekok i kuwi ibuke karo kopi racun tikus kuwi,0
2024-05-09T14:32:16Z,@lailariyan7284,Perempuan edan itu sakit hati sama bapak nya ngapain loh raÄun Anak nya dasar perempuan cuma mau sama bapaknya,0
2024-05-09T14:31:44Z,@MariyamUmami-iw1kg,Hukum,0
2024-05-09T14:21:15Z,@utamybudy8544,"horor skli,byk pelaku kejahatan mengerikan, sadiz justru dari org terdekat",1
2024-05-09T14:19:53Z,@DirgaAlfahri01,"Itu lah yg ku takuti sampai saat ini kenapa aku belum nikah lagi, takut aku dapat istri yg cinta nya cuman ke aku",0
2024-05-11T06:16:07Z,@user-vt5qf9kb3i,Aku siap mas sayang anak mu juga wkwkwwkwk ğŸ˜‚ğŸ˜‚ğŸ˜‚ğŸ˜‚ğŸ˜‚ğŸ˜‚,0
2024-05-09T14:19:40Z,@dinaayu9538,tega bgt bu.bu.....hatimu terbuat dr apa,0
2024-05-11T06:05:52Z,@user-vt5qf9kb3i,Terbuat dari batu koral dong ğŸ˜‚,0
2024-05-09T14:19:03Z,@sitihodijah4420,Ya allah bubu mikir bu anak tau apah    anak ko jaji sasaran,0
2024-05-09T14:01:09Z,@Suprax-ml3rd,Semoga anak nya pulih sehat selalu amin yra,1
2024-05-11T05:49:01Z,@user-vt5qf9kb3i,Aamiin,0
2024-05-09T13:57:46Z,@yarti995,"Smoga sgera pulih ya Nak  bisa sehat lkembali,amiin",3
2024-05-09T13:50:05Z,@user-yq2zd2mt1i,Kalau gk mau rawat kasih aku ajalah,0
2024-05-11T06:09:17Z,@user-vt5qf9kb3i,Yakin ğŸ˜‚,0
2024-05-09T13:46:51Z,@tipsandroid4190,Aku tidak diangap anak sama ibu tiriku..ğŸ¤£,0
2024-05-09T13:44:10Z,@madyctr3361,amit2 perempuan kaya gitu kesal sama suami malah anak kecil yg jadi korban harus diproses itu ga nyambung,0
2024-05-09T13:35:26Z,@pardi5451,Riwanti konslet otak kau,0
2024-05-09T13:24:31Z,@niasafitricianjur1108,Mncemarkan nma baik ibu tiri ini mh ğŸ˜¢,0
2024-05-11T06:03:58Z,@user-vt5qf9kb3i,Tercoreng semua para ibu tiri,0
2024-05-09T13:22:33Z,@ilzanoviyenti1146,Astagfirullah. Biadab amat,0
2024-05-09T13:21:44Z,@ridartau,Hukum arab  saja.,0
2024-05-09T13:13:32Z,@wari4336,Astaghfirullah hal&#39;azim,0
2024-05-09T13:09:41Z,@ayisukmana6317,Kasih racun tikus lgi  buat pelaku biar ngerasain,0
2024-05-11T06:11:04Z,@user-vt5qf9kb3i,Setuju banget dong aku ğŸ˜‚ğŸ˜‚ğŸ˜‚,0
2024-05-09T12:57:50Z,@rubiyanti5504,Jg fi kasih ampun pak polisi,0
2024-05-09T12:47:47Z,@bapakejowoanaknasunda7216,pak polisinya mirim mas gibran,0
2024-05-09T12:44:28Z,@nikenayu9278,penjara seumur hidup.jangan dikasih ampun.nggak punya hati.,3
2024-05-11T05:47:44Z,@user-vt5qf9kb3i,Kok seumur hidup pula hukuman mati dong yg pas ğŸ˜€,0
2024-05-09T12:43:42Z,@najwaaina7435,astaghfirullah,0
2024-05-09T12:39:02Z,@jujuking-lj3di,"Ayahnya sangat sayang pada anaknya,y jelas sayang anak kandungnya sebab ibunya sudah meninggal,ibu tirinya yg eror",0
2024-05-09T12:36:30Z,@user-lj1sv7dy9i,"Ada&quot; Ada mkin merajalela pembunuhan di Indonesia segala cara,,astghfirulloh udah gk punya Iman,,",0
2024-05-09T12:25:12Z,@rachdiawatit9025,Kejamnya ibu tiri benar adanya...ğŸ›ğŸ›ğŸ›,0
2024-05-09T12:23:51Z,@moneyact2208,"Kenapa gak cerai saja sihhhğŸ˜­ğŸ˜­ğŸ˜­, Maha suci Allah sudah membuka pintu cerai fungsinya ya untuk kasus kasus seperti ini.",0
2024-05-11T06:11:51Z,@user-vt5qf9kb3i,Betul lebih baik cerai,0
2024-05-09T12:21:34Z,@handayaniani3255,kesel sama pihak polisi knp sih ...narapidana sllu dipakaijan krudung/peci saat mreka jadi tersangka....ANEH GK SIH?,3
2024-05-09T16:09:29Z,@yuniderhanayanti3755,Seharus ny d botakin aja ya...,0
2024-05-09T22:53:47Z,@heruprasetiyo1689,Mungkin biar polisi nya ga nafsu kali mbak,0
2024-05-10T01:42:18Z,@yuniderhanayanti3755,"@@heruprasetiyo1689 Hee..Hee...masa sihhh...tp klo artis yg k tangkep,jarang tuh di pakein hijab...ğŸ¤­",0
2024-05-09T12:20:43Z,@sahudiexca9337,hukum berat ibu ini biadap racuni anak tiri,0
2024-05-09T12:13:23Z,@chanelpurnomomancing,Kena pidana tuh... rencana pembunuhan,0
2024-05-09T12:13:12Z,@aminahaminah2236,Ibu tiri jahat,0
2024-05-09T12:11:47Z,@faridashena1197,Hati nurani mu dimana bu....anak tiri juga manusia bu....,1
2024-05-09T12:09:21Z,@user-ui8zy9qp9m,Perempuan kok sadis bgtu,0
2024-05-09T12:09:16Z,@AsepWendi-oj3qm,Percobaan pembunuhan hukum setimpal biar tidak terulang di kemudian hari,0
2024-05-09T12:06:10Z,@karlinakoesnadi1526,Definisi ibu tiri lebih kejam dr ibu kota,0
2024-05-11T06:07:40Z,@user-vt5qf9kb3i,Ya olo ya olo ya olo ngakak bet ğŸ˜‚ğŸ˜‚ğŸ˜‚,0
2024-05-09T12:02:32Z,@Erfi-lg8im,"Karna rasa cemburu dgn kasih sayang suami terhadap anaknya kandung ,pai mau bunuh anaknya ..aduh kejam banget ,iblis dlm tubuhnya ..semoga korban segera pulih kembali",1
2024-05-09T11:58:31Z,@MarselRilex,tega sekali ibu tirinya. semoga lekas sembub adik. tetap zehat dan panjang umur,13
2024-05-09T15:54:13Z,@Depol289,Takut jadinya punya ibu atau bpk tiri.,0
2024-05-10T05:26:22Z,@mumtazilmy9397,"â€‹@@Depol289kmrin aja di bekasi ibu kandung yg bunuh anak nya yg masih 6th, krn sakit hati dg suami. Kmrin anak yg bunuh anak di Aceh. Pdhl mrk klrga sekandung lho ğŸ˜®",1
2024-05-09T11:50:59Z,@user.rivaldo200,Untung masih selamat ğŸ˜¢,0
2024-05-09T11:50:44Z,@putrarantau7687,Ini akibat nya pemerintah kayak GKau tau dngn masalah pembunuhan,0
2024-05-09T11:59:48Z,@Erfi-lg8im,Apa hubungqnya dgn pemerintah ..namanya pembunuhan itu kesalahan <br>Ibu itu ...otak ngg di pakai loe nyalahin pihak lain,0
2024-05-09T11:50:12Z,@NoorNoor-us8gy,Kasih lagi racun keu ibu tirinyah biar dia merasakan gimana rasanyah minum racun tikus bp nyah bersalah anak ga berdosa buat apa anak ampe di racun,1
2024-05-09T11:45:46Z,@nenkmatun85,Mending bojomu sisan sing di larani buu ojo anake sing lanang.bch ra ngrti mslhe wong tua loo,0
2024-05-09T11:45:26Z,@lenisusilawati6898,Astagfirullah ya Allah jahat SGT ibu tiri ..,2
2024-05-09T11:44:06Z,@sugiartislalu7129,Gila,0
2024-05-09T11:43:39Z,@wiyonodwi9034,Kasian anaknya  jadi pelampiasan ibu tiri jahat,0
2024-05-09T11:41:40Z,@marioanrioan8204,Ibu yang kayak gitu... tidak akan dapat mencium bau surga nantinya...,7
2024-05-09T14:33:34Z,@lailariyan7284,"Perempuan jahanam itu, mana mungkin menghisap bau surgapun",0
2024-05-09T11:39:56Z,@martinohardjanikrama4209,Gantian!!<br>Racuni balik,0
2024-05-09T11:34:10Z,@fransiscanovie1066,"Kalau kesal sama suaminya, kenapa anak tirinya yang jadi korban ? Tega banget itu masih kecil bu !  Kalau tidak mau nerima anaknya ya jangan sama bapaknya. Cari duda tak beranak atau bujang Bu !",1
2024-05-11T06:08:56Z,@user-vt5qf9kb3i,Ngeri perempuan seperti itu,0
2024-05-11T06:13:43Z,@fransiscanovie1066,@@user-vt5qf9kb3i gak ada hati gak ada otak sepertinya,0
2024-05-09T11:32:29Z,@nifabaidi8345,"Ya Allah nak,,, <br>Semoga Allah menjaga dan melindungimu nak...",18
2024-05-09T11:25:08Z,@kuninganize,hukum mati,1
2024-05-09T11:24:49Z,@fitrakurnia7246,Ibu tiri kurang ajar.. Hukum mati wanita spt ini.. Bahaya manusia spt ini..,0
2024-05-09T11:23:04Z,@YasiniOk,Di cerai kan langsung talak telu,0
2024-05-09T11:17:09Z,@ariesthairma,"ga punya otak, anak ga dosa kenapa dia yg diracun?",0
2024-05-09T11:15:24Z,@user-qh7se1mq2z,"Ibu tiri mah, bnyk jahat",0
2024-05-09T11:12:50Z,@takurtakur1892,Wayae di keploki dase disik sak urungge di gowo nek kanpol,0
2024-05-09T11:12:23Z,@lenterakecil-uq6rq,Pembunuhan berencana,0
2024-05-09T11:09:42Z,@user-qw4zr2lp5c,kenapa sakit imbasnya ke anaknya bu,0
2024-05-09T11:03:28Z,@fatinaqila2489,wanitajahatmodelbeginiwajibdicerailangsug.gausahdiliriklagi.jangansampai.didekati.olehlakilakilain.nya.eanita.inimembahayakan.,0
2024-05-09T11:02:25Z,@YatiSamsung-qb2ev,"Buat para duda dan jg janda berhati&quot;lh dlm mencari pasangn kmbli,pstikn mereka menerima pasangn dan jg ank dengn tulus.jk gk mau terjadi hal&quot;yg gk diinginkn",0
2024-05-09T11:01:39Z,@dodikhartono2001,Bahaya orang tua seperti ini,9
2024-05-09T11:01:09Z,@fatinaqila2489,para.pendukungsiAnis.wsjibmelihat.ini..Ibutiri+Anaktiri.siAnis<br>imigrandari.yaman.+petibumi..ituharusdibukamatahatimuparapendukungsiAnis.meleklahmatahayimu...,0
2024-05-09T10:54:31Z,@elinevangelin567,Loh anak gak salah apa2 kok diracun! Gak mikir ini tindak kriminal,0
2024-05-09T10:54:10Z,@linallina2462,penjahat ibu kejam. harus di hukum,0
2024-05-09T10:52:59Z,@SamuelSilla-nd4gu,Langsung berhijab ğŸ˜‚ğŸ˜‚ğŸ˜‚ org org berhijab itu jahat,0
2024-05-09T10:51:41Z,@SamuelSilla-nd4gu,Ibu kota lebih kejam ibu tiri ğŸ˜­ğŸ˜­ğŸ˜­ğŸ˜­,2
2024-05-11T05:48:39Z,@user-vt5qf9kb3i,Ibu tiri itu adalah Dajjal sesungguhnya jdi harus di beri hukum mati untuk para ibu tiri,0
2024-05-09T10:48:55Z,@dianaeka3802,Ini ibu tiri gila sih sadis,0
2024-05-11T06:13:12Z,@user-vt5qf9kb3i,Bner,1
2024-05-09T10:48:39Z,@MuzzaManis,Sungguh biadab .seandainya mati tu anak bgmn .kasihanx tu ank smg selamat dan baik2 sja,0
2024-05-09T10:47:32Z,@zoro-ov4zf,Yaallh teganya sembuhkn Yaallh keluarkn semua racun yg ada d tubuhnya hukm 15th biar mti d penjara,0
2024-05-09T10:46:22Z,@ninayanti-ye5fu,Hukum mati saja,0
2024-05-09T10:45:54Z,@Beo4470,Hukum seberat2 nya biar jeraaaa,0
2024-05-09T10:45:15Z,@farafarhanaibrahimtalha1878,Ya Allah ğŸ˜¢ğŸ˜¢ğŸ˜¢kasihan,0
2024-05-09T10:41:02Z,@caca5411,Ibu tiri sadis hkm yg setmpl sewot sm bpky ko anky yg diracun bpky yg diracn,0
2024-05-09T10:39:35Z,@sutisnajuju7407,Biasa itu mah langsung dipakein jilbab supaya para kafir secara gak langsung bisa melecehkan agama islam biar orangÂ² kafir bilang &quot;tuh liat kelakuan orangÂ² islam&quot; lagu lama kaset kusut,1
2024-05-09T10:38:24Z,@asistenm3592,Harusss di hukum gatung tuh ibu tiri emg kejam,0
2024-05-09T10:37:04Z,@danielvalverde2023,Edan...ğŸ˜¢,1
2024-05-11T06:13:30Z,@user-vt5qf9kb3i,Gila ibu tiri nya,0
2024-05-09T10:33:41Z,@sarahbana1974,Ai s ibu ..am3k ka bapak na nu d racun anak na..salah sasaran.,0
2024-05-09T10:33:20Z,@nailaalian2504,Ya Allah.... nggak boleh begitu bu...hukuman dunia akhirat siap menunggumu Bu....,14
2024-05-11T07:11:50Z,@user-bv2wm9wg5p,biadap,0
2024-05-09T10:31:45Z,@mealovely8874,Hrse yg diracun suami nya bu...jangan anake..ank gk tau ap2 buu stresss,0
2024-05-09T10:31:43Z,@rantiatria9535,Penjara kan org kayak gtu mahhh....biar kuapokkk and jeraaa dia.,16
2024-05-09T10:30:11Z,@user-cm7lp7zp2n,"Astaghfirullah alazin,tega banget Bu racuni anak tirimu mana hati nuranimu anak itu tidak bersalah",0
2024-05-11T06:04:36Z,@user-vt5qf9kb3i,Betul itu kk ğŸ˜¢,0
2024-05-09T10:30:10Z,@jeryndojerynza1837,Harus di hukum mati,5
2024-05-09T12:24:40Z,@moneyact2208,Jelas ada unsur kesengajaan dan perencanaan tapi semua butuh bukti,2
2024-05-09T10:27:51Z,@titustitus735,Dasar wong bejatttt .....emosi saya kalau ada wanita nyiksa anak kecil,0
2024-05-09T10:27:51Z,@PrisiliaLia_mose,Kesal Deng ko PU laki..kenapa lampiaskan ke anaknya..gila kau mmg ya...coba kasih rasa racun tikus it ke perempuan gila tu..biar Dy rasa..apa yg ade tu rasa..,4
2024-05-09T10:27:49Z,@ristiatia3486,Gantian tu Ibu Tirinya suruh minum racun dasar  Ibu tiri kejam,0
2024-05-09T10:26:25Z,@kasmankadir649,Kenapa Pelaku Langsung Pakai Jilbab...???,3
2024-05-09T12:22:51Z,@handayaniani3255,SANGAT ANEH EMANG POLUSI NI PLAKU SLLU DIPAKAIKAN KRUDUNG/]PECI,0
2024-05-09T10:22:07Z,@chaerullahumar8520,Anak jadi sasaran....anak ngga salah apa2 bu...,14
2024-05-09T10:19:34Z,@jamilahazajamilahaza3695,Otak ny eror ibu sambung ny pasti masalah ekonomi,0
2024-05-09T10:18:37Z,@NcesssSsss,Klw bnr shrsnya racun suaminya dan tetep rawat anak tirinya ğŸ‘ğŸ‘ğŸ‘,0
2024-05-09T12:12:47Z,@faridashena1197,Namanya juga org stress,0
2024-05-09T10:18:20Z,@Serinaaliserinaali,Yaallah kasian bngt  itu ank jadi sasaran orang  tua ada aj disosmed ini ngeri bngt,8
2024-05-09T10:17:37Z,@murdiyahmurdiyah4085,ğŸ˜¢ğŸ˜¢ğŸ˜¢ AU zubillah Imin zelikkk semuga dijauhkan dari orang yg keji and biadapp yerobbğŸ˜¢ğŸ˜¢,0
2024-05-09T10:16:18Z,@putriindahsari527,Minum aja sendiri Bu,0
2024-05-09T10:15:57Z,@abel4124,Emmg  sdh di putuskan meracuni anak tirinya masuk penjara nunggu nasi cadong makan minum gratis gak usah kerja<br>Di ind banyak org kawin cerai jadi banyak anak tari  <br>Mangkanya anakku masih kecil&quot;aku gak mau nikah kasihan sama anakku,6
2024-05-09T11:14:23Z,@partiniwonosobo717,aku lebi baik sendiri aku sakit hati bgt ingat jamanku pertama hamil sampai skrg anaku umur 14 taun aku gk pingin nika lagi lebi bsik kerja cari uang besarin anaku  ibadah untuk anaku saja lebi baik memberbaiki hidupku anaku beribadah bersedehka mendekatkan diri  sama Alloh alhmdulilah hidupku tenang adem ayem,2
2024-05-09T12:13:02Z,@user-si9ef4hf7t,"Aku bersyukur, punya anak satu sekarang sudah besar sudah skripsi, tapi aku dapat suami yg sayang sama anakku, dari anak usia 6 tahun aku nikah lagi, tapi sama suami keduaku ini, aku tidak punya anak lagi, tp suami sudah ikhlas bahkan sangat sayang sama aku dan anakku, aku merasa jd orang paling beruntung ğŸ’œğŸ’œ",1
2024-05-09T17:11:47Z,@partiniwonosobo717,@@user-si9ef4hf7t alhmdulilah semogah langeng truss mbak aminn,0
2024-05-11T05:57:50Z,@user-vt5qf9kb3i,â€‹@@user-si9ef4hf7tAlhamdulillah ya mbak ketemu pak suami yang sayang anak nya mbak ğŸ˜¢,0
2024-05-11T08:53:29Z,@user-si9ef4hf7t,"Ya trimakasih semuanya atas segala doanya, semoga tuhan jg memberkati semuanya pd bahagia bersama keluarga selamanya, amin",0
2024-05-09T10:14:14Z,@user-po7mm4xq9w,busukin dipenjra,0
2024-05-09T10:14:00Z,@agunghuseyin,Td wkt di mobil ga pk jilbab. Knp tiba&quot; pk jilbab..,1
2024-05-09T10:52:55Z,@dianaeka3802,Iya aneh ya,0
2024-05-09T10:12:46Z,@hasrudinhusari522,Penjarakan ibu seperti inilah,30
2024-05-12T06:55:52Z,@mawartherose8090,Kurang Ajar Tuh Tua bangka<br>Audzubillah Mindalik,0
2024-05-09T10:11:38Z,@andrasaputra25,Rupanya seperti tikus mbokkk...kurang ajar anak gak tau apa&quot;mau di bunuh,0
2024-05-09T10:11:31Z,@blackshadow245,Itu kenapa pake krudung pas jadi tersangka ğŸ˜‚,2
2024-05-09T10:11:27Z,@naynayya6660,Biadab,1
2024-05-09T10:08:10Z,@user-st7bb8it8q,Nggk da otakğŸ˜¢ğŸ˜¢,0
2024-05-09T10:12:35Z,@sinatria3535,Otak ada Bro..  hati yg kagak ada... ğŸ˜‚ğŸ˜‚,0
2024-05-09T16:26:44Z,@yopimawardi993,â€‹@@sinatria3535otak gak ada karena gak pake akal,0
