textDisplay,cleansing,tokenz_and_caseFold,remove_stopwords
Senjata  makan  tuanğŸ¤­,Senjata  makan  tuanğŸ¤­,"['senjata', 'makan', 'tuanğŸ¤­']","['senjata', 'makan', 'tuanğŸ¤­']"
Ibu otake isi kotoran yg berisi aetan,Ibu otake isi kotoran yg berisi aetan,"['ibu', 'otake', 'isi', 'kotoran', 'yg', 'berisi', 'aetan']","['otake', 'isi', 'kotoran', 'yg', 'berisi', 'aetan']"
Kenapa gak suaminya aja yang diracun ğŸ˜¡ malah anaknya yang gak tau apa2ğŸ˜¢,Kenapa gak suaminya aja yang diracun  malah anaknya yang gak tau apa,"['kenapa', 'gak', 'suaminya', 'aja', 'yang', 'diracun', 'malah', 'anaknya', 'yang', 'gak', 'tau', 'apa']","['gak', 'suaminya', 'aja', 'diracun', 'anaknya', 'gak', 'tau']"
"Binatang ni ibu , knpa anak diracun , suami yg diracun karna anak tdk pnya salah",Binatang ni ibu  knpa anak diracun  suami yg diracun karna anak tdk pnya salah,"['binatang', 'ni', 'ibu', 'knpa', 'anak', 'diracun', 'suami', 'yg', 'diracun', 'karna', 'anak', 'tdk', 'pnya', 'salah']","['binatang', 'ni', 'knpa', 'anak', 'diracun', 'suami', 'yg', 'diracun', 'karna', 'anak', 'tdk', 'pnya', 'salah']"
Semoga di dlm penjara jadi mainan napi lain....,Semoga di dlm penjara jadi mainan napi lain,"['semoga', 'di', 'dlm', 'penjara', 'jadi', 'mainan', 'napi', 'lain']","['semoga', 'dlm', 'penjara', 'mainan', 'napi']"
"Hati busuk,  sakit hati sama suaminya kok anaknya di Racun Bu..., mendekamlah skrg dipenjara.",Hati busuk  sakit hati sama suaminya kok anaknya di Racun Bu mendekamlah skrg dipenjara,"['hati', 'busuk', 'sakit', 'hati', 'sama', 'suaminya', 'kok', 'anaknya', 'di', 'racun', 'bu', 'mendekamlah', 'skrg', 'dipenjara']","['hati', 'busuk', 'sakit', 'hati', 'suaminya', 'anaknya', 'racun', 'bu', 'mendekamlah', 'skrg', 'dipenjara']"
Kenapa ngak kmu racun suami mu.jangan anak yang ngak berdosa kau racun gila kmu,Kenapa ngak kmu racun suami mujangan anak yang ngak berdosa kau racun gila kmu,"['kenapa', 'ngak', 'kmu', 'racun', 'suami', 'mujangan', 'anak', 'yang', 'ngak', 'berdosa', 'kau', 'racun', 'gila', 'kmu']","['ngak', 'kmu', 'racun', 'suami', 'mujangan', 'anak', 'ngak', 'berdosa', 'kau', 'racun', 'gila', 'kmu']"
Istri biadap,Istri biadap,"['istri', 'biadap']","['istri', 'biadap']"
"Sebelum di penjara, ibu nya kasih racun tikus juga biar tahu rasağŸ˜…",Sebelum di penjara ibu nya kasih racun tikus juga biar tahu rasa,"['sebelum', 'di', 'penjara', 'ibu', 'nya', 'kasih', 'racun', 'tikus', 'juga', 'biar', 'tahu', 'rasa']","['penjara', 'nya', 'kasih', 'racun', 'tikus', 'biar']"
Biadap,Biadap,['biadap'],['biadap']
"Di tangkap polisi,langsung pake jilbab kedok iblis",Di tangkap polisilangsung pake jilbab kedok iblis,"['di', 'tangkap', 'polisilangsung', 'pake', 'jilbab', 'kedok', 'iblis']","['tangkap', 'polisilangsung', 'pake', 'jilbab', 'kedok', 'iblis']"
Aku gk mau tau pelaku harus di hukum mati,Aku gk mau tau pelaku harus di hukum mati,"['aku', 'gk', 'mau', 'tau', 'pelaku', 'harus', 'di', 'hukum', 'mati']","['gk', 'tau', 'pelaku', 'hukum', 'mati']"
Mogo kenak karma yg pembunuh itu,Mogo kenak karma yg pembunuh itu,"['mogo', 'kenak', 'karma', 'yg', 'pembunuh', 'itu']","['mogo', 'kenak', 'karma', 'yg', 'pembunuh']"
Gw juga tinggal sm ibu tiri tpi Alhamdulillah ga sampai segitunya ibu tiri gw ya walaupun kadangÂ² gw suka di omelin tpi dia baik juga ke gw.<br><br>Ga semua ibu tiri jahat ya kawanÂ²,Gw juga tinggal sm ibu tiri tpi Alhamdulillah ga sampai segitunya ibu tiri gw ya walaupun kadangÂ² gw suka di omelin tpi dia baik juga ke gwGa semua ibu tiri jahat ya kawanÂ²,"['gw', 'juga', 'tinggal', 'sm', 'ibu', 'tiri', 'tpi', 'alhamdulillah', 'ga', 'sampai', 'segitunya', 'ibu', 'tiri', 'gw', 'ya', 'walaupun', 'kadangÂ²', 'gw', 'suka', 'di', 'omelin', 'tpi', 'dia', 'baik', 'juga', 'ke', 'gwga', 'semua', 'ibu', 'tiri', 'jahat', 'ya', 'kawanÂ²']","['gw', 'tinggal', 'sm', 'tiri', 'tpi', 'alhamdulillah', 'ga', 'segitunya', 'tiri', 'gw', 'ya', 'kadangÂ²', 'gw', 'suka', 'omelin', 'tpi', 'gwga', 'tiri', 'jahat', 'ya', 'kawanÂ²']"
Gak semua kau bilang bagiku ibu itri itu hampir 90% jahat ke anak suaminya..,Gak semua kau bilang bagiku ibu itri itu hampir  jahat ke anak suaminya,"['gak', 'semua', 'kau', 'bilang', 'bagiku', 'ibu', 'itri', 'itu', 'hampir', 'jahat', 'ke', 'anak', 'suaminya']","['gak', 'kau', 'bilang', 'bagiku', 'itri', 'jahat', 'anak', 'suaminya']"
Perempuan gila.gk ad otak anak yatim di gituin,Perempuan gilagk ad otak anak yatim di gituin,"['perempuan', 'gilagk', 'ad', 'otak', 'anak', 'yatim', 'di', 'gituin']","['perempuan', 'gilagk', 'ad', 'otak', 'anak', 'yatim', 'gituin']"
"saya dari SD kelas 3 dirawat ibu tiri face-blue-smiling hidup normal,harusnya ibu tiri disebut juga OKNUM sama seperti pejabat/aparat yg bikin masalah",saya dari SD kelas  dirawat ibu tiri facebluesmiling hidup normalharusnya ibu tiri disebut juga OKNUM sama seperti pejabataparat yg bikin masalah,"['saya', 'dari', 'sd', 'kelas', 'dirawat', 'ibu', 'tiri', 'facebluesmiling', 'hidup', 'normalharusnya', 'ibu', 'tiri', 'disebut', 'juga', 'oknum', 'sama', 'seperti', 'pejabataparat', 'yg', 'bikin', 'masalah']","['sd', 'kelas', 'dirawat', 'tiri', 'facebluesmiling', 'hidup', 'normalharusnya', 'tiri', 'oknum', 'pejabataparat', 'yg', 'bikin']"
Ibu tiri itu dia banyak beban jdi lebih baik sudahi lah rumah tangga nya biar aman,Ibu tiri itu dia banyak beban jdi lebih baik sudahi lah rumah tangga nya biar aman,"['ibu', 'tiri', 'itu', 'dia', 'banyak', 'beban', 'jdi', 'lebih', 'baik', 'sudahi', 'lah', 'rumah', 'tangga', 'nya', 'biar', 'aman']","['tiri', 'beban', 'jdi', 'sudahi', 'rumah', 'tangga', 'nya', 'biar', 'aman']"
Gila,Gila,['gila'],['gila']
Hukum gantung ajaaa,Hukum gantung ajaaa,"['hukum', 'gantung', 'ajaaa']","['hukum', 'gantung', 'ajaaa']"
Semoga selmat ya nak <br>Uripe sukses aminyaroballmin,Semoga selmat ya nak Uripe sukses aminyaroballmin,"['semoga', 'selmat', 'ya', 'nak', 'uripe', 'sukses', 'aminyaroballmin']","['semoga', 'selmat', 'ya', 'nak', 'uripe', 'sukses', 'aminyaroballmin']"
Mudahan ibuk tirinya di azab Allah krna kejahatan yg dibuatnya.,Mudahan ibuk tirinya di azab Allah krna kejahatan yg dibuatnya,"['mudahan', 'ibuk', 'tirinya', 'di', 'azab', 'allah', 'krna', 'kejahatan', 'yg', 'dibuatnya']","['mudahan', 'ibuk', 'tirinya', 'azab', 'allah', 'krna', 'kejahatan', 'yg']"
"Siap bersuami, tp tdk ready jadi ibu tiri .",Siap bersuami tp tdk ready jadi ibu tiri ,"['siap', 'bersuami', 'tp', 'tdk', 'ready', 'jadi', 'ibu', 'tiri']","['bersuami', 'tp', 'tdk', 'ready', 'tiri']"
Ini seorang ibu kah bukan seorang iblis mau bpnya juga mau anaknya lah anggep anak sendiri you ibu iblis hukum aja pk polisi,Ini seorang ibu kah bukan seorang iblis mau bpnya juga mau anaknya lah anggep anak sendiri you ibu iblis hukum aja pk polisi,"['ini', 'seorang', 'ibu', 'kah', 'bukan', 'seorang', 'iblis', 'mau', 'bpnya', 'juga', 'mau', 'anaknya', 'lah', 'anggep', 'anak', 'sendiri', 'you', 'ibu', 'iblis', 'hukum', 'aja', 'pk', 'polisi']","['kah', 'iblis', 'bpnya', 'anaknya', 'anggep', 'anak', 'you', 'iblis', 'hukum', 'aja', 'pk', 'polisi']"
"Kelakuan umatmu di dunia YA ALLAH,,kejam jahat,,",Kelakuan umatmu di dunia YA ALLAHkejam jahat,"['kelakuan', 'umatmu', 'di', 'dunia', 'ya', 'allahkejam', 'jahat']","['kelakuan', 'umatmu', 'dunia', 'ya', 'allahkejam', 'jahat']"
Komnas HAM mana?? Silahkan pilih mana yang akan anda bela???,Komnas HAM mana Silahkan pilih mana yang akan anda bela,"['komnas', 'ham', 'mana', 'silahkan', 'pilih', 'mana', 'yang', 'akan', 'anda', 'bela']","['komnas', 'ham', 'silahkan', 'pilih', 'bela']"
inalilahi wainailaihi rojiun kejm bangt allah masi syg sama korban hingga msi bisa selmt,inalilahi wainailaihi rojiun kejm bangt allah masi syg sama korban hingga msi bisa selmt,"['inalilahi', 'wainailaihi', 'rojiun', 'kejm', 'bangt', 'allah', 'masi', 'syg', 'sama', 'korban', 'hingga', 'msi', 'bisa', 'selmt']","['inalilahi', 'wainailaihi', 'rojiun', 'kejm', 'bangt', 'allah', 'masi', 'syg', 'korban', 'msi', 'selmt']"
"dia pikir kalau anak nya mati, trus bapaknya sayang nya full gitu ke istri nya,, dasar perempuan ber hati iblis,,naudzubilah mindzalik sum&quot;ma naudzubilah mindzalik,,intinya harus super hati hati  dalam memilih pasangan",dia pikir kalau anak nya mati trus bapaknya sayang nya full gitu ke istri nya dasar perempuan ber hati iblisnaudzubilah mindzalik sumquotma naudzubilah mindzalikintinya harus super hati hati  dalam memilih pasangan,"['dia', 'pikir', 'kalau', 'anak', 'nya', 'mati', 'trus', 'bapaknya', 'sayang', 'nya', 'full', 'gitu', 'ke', 'istri', 'nya', 'dasar', 'perempuan', 'ber', 'hati', 'iblisnaudzubilah', 'mindzalik', 'sumquotma', 'naudzubilah', 'mindzalikintinya', 'harus', 'super', 'hati', 'hati', 'dalam', 'memilih', 'pasangan']","['pikir', 'anak', 'nya', 'mati', 'trus', 'bapaknya', 'sayang', 'nya', 'full', 'gitu', 'istri', 'nya', 'dasar', 'perempuan', 'ber', 'hati', 'iblisnaudzubilah', 'mindzalik', 'sumquotma', 'naudzubilah', 'mindzalikintinya', 'super', 'hati', 'hati', 'memilih', 'pasangan']"
"Sakit hati ke suami koq anak nya yg di racun, kenapa gak suaminya aza yg di kasih racun",Sakit hati ke suami koq anak nya yg di racun kenapa gak suaminya aza yg di kasih racun,"['sakit', 'hati', 'ke', 'suami', 'koq', 'anak', 'nya', 'yg', 'di', 'racun', 'kenapa', 'gak', 'suaminya', 'aza', 'yg', 'di', 'kasih', 'racun']","['sakit', 'hati', 'suami', 'koq', 'anak', 'nya', 'yg', 'racun', 'gak', 'suaminya', 'aza', 'yg', 'kasih', 'racun']"
Kasihan anak yg tidak berdoa  mau di bunuh kalau senang atau sayang sama bapak nya anaknya juga harus di sayang jgn di bunuh kalau begitu di penjarakan aja ibu tirinya untuk selamanya,Kasihan anak yg tidak berdoa  mau di bunuh kalau senang atau sayang sama bapak nya anaknya juga harus di sayang jgn di bunuh kalau begitu di penjarakan aja ibu tirinya untuk selamanya,"['kasihan', 'anak', 'yg', 'tidak', 'berdoa', 'mau', 'di', 'bunuh', 'kalau', 'senang', 'atau', 'sayang', 'sama', 'bapak', 'nya', 'anaknya', 'juga', 'harus', 'di', 'sayang', 'jgn', 'di', 'bunuh', 'kalau', 'begitu', 'di', 'penjarakan', 'aja', 'ibu', 'tirinya', 'untuk', 'selamanya']","['kasihan', 'anak', 'yg', 'berdoa', 'bunuh', 'senang', 'sayang', 'nya', 'anaknya', 'sayang', 'jgn', 'bunuh', 'penjarakan', 'aja', 'tirinya']"
Setuju banget kak ğŸ˜‚,Setuju banget kak ,"['setuju', 'banget', 'kak']","['setuju', 'banget', 'kak']"
Menambah imez ibu tiri yang kejam..hati hati para laki laki yang di muliakan allah.kalau kalian duda beranak dan ingin kawin lagi,Menambah imez ibu tiri yang kejamhati hati para laki laki yang di muliakan allahkalau kalian duda beranak dan ingin kawin lagi,"['menambah', 'imez', 'ibu', 'tiri', 'yang', 'kejamhati', 'hati', 'para', 'laki', 'laki', 'yang', 'di', 'muliakan', 'allahkalau', 'kalian', 'duda', 'beranak', 'dan', 'ingin', 'kawin', 'lagi']","['menambah', 'imez', 'tiri', 'kejamhati', 'hati', 'laki', 'laki', 'muliakan', 'allahkalau', 'duda', 'beranak', 'kawin']"
Ini benar benar apa yg di nyanyikan ibu tiri sangt kejam bukti nyata,Ini benar benar apa yg di nyanyikan ibu tiri sangt kejam bukti nyata,"['ini', 'benar', 'benar', 'apa', 'yg', 'di', 'nyanyikan', 'ibu', 'tiri', 'sangt', 'kejam', 'bukti', 'nyata']","['yg', 'nyanyikan', 'tiri', 'sangt', 'kejam', 'bukti', 'nyata']"
ğŸ˜¢astaqfirllah ya Allah,astaqfirllah ya Allah,"['astaqfirllah', 'ya', 'allah']","['astaqfirllah', 'ya', 'allah']"
"Gak semua ibu tiri jahat, makanya buat siapa saja, laki apa perempuan, kalau udah punya anak,jangan asal cinta cocok di nikahi dong, surve dulu dlm hatinya",Gak semua ibu tiri jahat makanya buat siapa saja laki apa perempuan kalau udah punya anakjangan asal cinta cocok di nikahi dong surve dulu dlm hatinya,"['gak', 'semua', 'ibu', 'tiri', 'jahat', 'makanya', 'buat', 'siapa', 'saja', 'laki', 'apa', 'perempuan', 'kalau', 'udah', 'punya', 'anakjangan', 'asal', 'cinta', 'cocok', 'di', 'nikahi', 'dong', 'surve', 'dulu', 'dlm', 'hatinya']","['gak', 'tiri', 'jahat', 'laki', 'perempuan', 'udah', 'anakjangan', 'cinta', 'cocok', 'nikahi', 'surve', 'dlm', 'hatinya']"
"Astaghfirullah Hal Adzim Ya Allah Gusti,,,,<br>Salah apa itu anak Tak berdosa,<br>Yang salah orang tuanya, didiklah Anak sebaik mungkin",Astaghfirullah Hal Adzim Ya Allah GustiSalah apa itu anak Tak berdosaYang salah orang tuanya didiklah Anak sebaik mungkin,"['astaghfirullah', 'hal', 'adzim', 'ya', 'allah', 'gustisalah', 'apa', 'itu', 'anak', 'tak', 'berdosayang', 'salah', 'orang', 'tuanya', 'didiklah', 'anak', 'sebaik', 'mungkin']","['astaghfirullah', 'adzim', 'ya', 'allah', 'gustisalah', 'anak', 'berdosayang', 'salah', 'orang', 'tuanya', 'didiklah', 'anak']"
Hukum matyyyy pelaku biadap segera,Hukum matyyyy pelaku biadap segera,"['hukum', 'matyyyy', 'pelaku', 'biadap', 'segera']","['hukum', 'matyyyy', 'pelaku', 'biadap']"
Kalau aku jdi bpk kandungnya minta tu iblis hukum mati . Ank nggak tau apa&quot; ko jdi sasaran kurang ajar bgt,Kalau aku jdi bpk kandungnya minta tu iblis hukum mati  Ank nggak tau apaquot ko jdi sasaran kurang ajar bgt,"['kalau', 'aku', 'jdi', 'bpk', 'kandungnya', 'minta', 'tu', 'iblis', 'hukum', 'mati', 'ank', 'nggak', 'tau', 'apaquot', 'ko', 'jdi', 'sasaran', 'kurang', 'ajar', 'bgt']","['jdi', 'bpk', 'kandungnya', 'tu', 'iblis', 'hukum', 'mati', 'ank', 'nggak', 'tau', 'apaquot', 'ko', 'jdi', 'sasaran', 'ajar', 'bgt']"
Yaallah tega bgt ya manusia zaman sekarang dikit dikit kesel emosi bunuh mukul..lagian klo kesel ma lakinya bapanya racunin aja bapanya jgn anaknya bu kasian anak mah gk ada dosanya salahnya jahat bgt ya jd emak tiri begitu,Yaallah tega bgt ya manusia zaman sekarang dikit dikit kesel emosi bunuh mukullagian klo kesel ma lakinya bapanya racunin aja bapanya jgn anaknya bu kasian anak mah gk ada dosanya salahnya jahat bgt ya jd emak tiri begitu,"['yaallah', 'tega', 'bgt', 'ya', 'manusia', 'zaman', 'sekarang', 'dikit', 'dikit', 'kesel', 'emosi', 'bunuh', 'mukullagian', 'klo', 'kesel', 'ma', 'lakinya', 'bapanya', 'racunin', 'aja', 'bapanya', 'jgn', 'anaknya', 'bu', 'kasian', 'anak', 'mah', 'gk', 'ada', 'dosanya', 'salahnya', 'jahat', 'bgt', 'ya', 'jd', 'emak', 'tiri', 'begitu']","['yaallah', 'tega', 'bgt', 'ya', 'manusia', 'zaman', 'dikit', 'dikit', 'kesel', 'emosi', 'bunuh', 'mukullagian', 'klo', 'kesel', 'ma', 'lakinya', 'bapanya', 'racunin', 'aja', 'bapanya', 'jgn', 'anaknya', 'bu', 'kasian', 'anak', 'mah', 'gk', 'dosanya', 'salahnya', 'jahat', 'bgt', 'ya', 'jd', 'emak', 'tiri']"
"Astagfirullah aladzim <br>Innalilahi wainnailaihi rojiun <br>Kenapa ya orang&quot; akhir zaman kok pada tega&quot; sekarang gak perempuan gak laki&quot;,.",Astagfirullah aladzim Innalilahi wainnailaihi rojiun Kenapa ya orangquot akhir zaman kok pada tegaquot sekarang gak perempuan gak lakiquot,"['astagfirullah', 'aladzim', 'innalilahi', 'wainnailaihi', 'rojiun', 'kenapa', 'ya', 'orangquot', 'akhir', 'zaman', 'kok', 'pada', 'tegaquot', 'sekarang', 'gak', 'perempuan', 'gak', 'lakiquot']","['astagfirullah', 'aladzim', 'innalilahi', 'wainnailaihi', 'rojiun', 'ya', 'orangquot', 'zaman', 'tegaquot', 'gak', 'perempuan', 'gak', 'lakiquot']"
Alah sebelum masuk panjara ga pakai jilbab kenapa ya kalau masuk penjara pada pakai jilbab,Alah sebelum masuk panjara ga pakai jilbab kenapa ya kalau masuk penjara pada pakai jilbab,"['alah', 'sebelum', 'masuk', 'panjara', 'ga', 'pakai', 'jilbab', 'kenapa', 'ya', 'kalau', 'masuk', 'penjara', 'pada', 'pakai', 'jilbab']","['alah', 'masuk', 'panjara', 'ga', 'pakai', 'jilbab', 'ya', 'masuk', 'penjara', 'pakai', 'jilbab']"
"Liat video anak itu di teras muntah ,dan lemasğŸ˜¢",Liat video anak itu di teras muntah dan lemas,"['liat', 'video', 'anak', 'itu', 'di', 'teras', 'muntah', 'dan', 'lemas']","['liat', 'video', 'anak', 'teras', 'muntah', 'lemas']"
Anak yatim. Ya Alloh kok tega seperti itu,Anak yatim Ya Alloh kok tega seperti itu,"['anak', 'yatim', 'ya', 'alloh', 'kok', 'tega', 'seperti', 'itu']","['anak', 'yatim', 'ya', 'alloh', 'tega']"
Semoga perempuan d p3njaraaaaaa.,Semoga perempuan d pnjaraaaaaa,"['semoga', 'perempuan', 'd', 'pnjaraaaaaa']","['semoga', 'perempuan', 'd', 'pnjaraaaaaa']"
Ibu Tiri bener2. Jahat,Ibu Tiri bener Jahat,"['ibu', 'tiri', 'bener', 'jahat']","['tiri', 'bener', 'jahat']"
"mngkin pemerintah mnguji ulang UU. percobaan dgn sudah dicoba didlm bahasa itu sngt brbeda. dicoba adalah tindakan yg sdh dilakukan,maka hukumanya adalah UU 340 mati/seumur hdp,mninggal atau tdknya korban.",mngkin pemerintah mnguji ulang UU percobaan dgn sudah dicoba didlm bahasa itu sngt brbeda dicoba adalah tindakan yg sdh dilakukanmaka hukumanya adalah UU  matiseumur hdpmninggal atau tdknya korban,"['mngkin', 'pemerintah', 'mnguji', 'ulang', 'uu', 'percobaan', 'dgn', 'sudah', 'dicoba', 'didlm', 'bahasa', 'itu', 'sngt', 'brbeda', 'dicoba', 'adalah', 'tindakan', 'yg', 'sdh', 'dilakukanmaka', 'hukumanya', 'adalah', 'uu', 'matiseumur', 'hdpmninggal', 'atau', 'tdknya', 'korban']","['mngkin', 'pemerintah', 'mnguji', 'ulang', 'uu', 'percobaan', 'dgn', 'dicoba', 'didlm', 'bahasa', 'sngt', 'brbeda', 'dicoba', 'tindakan', 'yg', 'sdh', 'dilakukanmaka', 'hukumanya', 'uu', 'matiseumur', 'hdpmninggal', 'tdknya', 'korban']"
Tpi kalau kasus nya pembunuhan mmng harus di hukum mati lah biar adil,Tpi kalau kasus nya pembunuhan mmng harus di hukum mati lah biar adil,"['tpi', 'kalau', 'kasus', 'nya', 'pembunuhan', 'mmng', 'harus', 'di', 'hukum', 'mati', 'lah', 'biar', 'adil']","['tpi', 'nya', 'pembunuhan', 'mmng', 'hukum', 'mati', 'biar', 'adil']"
Syng lah darah daging nya aplgi ank ini yatim gk punya ibu  syg bpk nya punya istri sngt kejam,Syng lah darah daging nya aplgi ank ini yatim gk punya ibu  syg bpk nya punya istri sngt kejam,"['syng', 'lah', 'darah', 'daging', 'nya', 'aplgi', 'ank', 'ini', 'yatim', 'gk', 'punya', 'ibu', 'syg', 'bpk', 'nya', 'punya', 'istri', 'sngt', 'kejam']","['syng', 'darah', 'daging', 'nya', 'aplgi', 'ank', 'yatim', 'gk', 'syg', 'bpk', 'nya', 'istri', 'sngt', 'kejam']"
"Ya Allah kenpa thn 2024 ini bnyak pembunuhan pengniayaan ,",Ya Allah kenpa thn  ini bnyak pembunuhan pengniayaan ,"['ya', 'allah', 'kenpa', 'thn', 'ini', 'bnyak', 'pembunuhan', 'pengniayaan']","['ya', 'allah', 'kenpa', 'thn', 'bnyak', 'pembunuhan', 'pengniayaan']"
"Semoga cepat sembuh nak,wanita iblis itu.",Semoga cepat sembuh nakwanita iblis itu,"['semoga', 'cepat', 'sembuh', 'nakwanita', 'iblis', 'itu']","['semoga', 'cepat', 'sembuh', 'nakwanita', 'iblis']"
Serem ya orang jaman sekarang sakit hati dikit membunuh,Serem ya orang jaman sekarang sakit hati dikit membunuh,"['serem', 'ya', 'orang', 'jaman', 'sekarang', 'sakit', 'hati', 'dikit', 'membunuh']","['serem', 'ya', 'orang', 'jaman', 'sakit', 'hati', 'dikit', 'membunuh']"
Penjarakaan,Penjarakaan,['penjarakaan'],['penjarakaan']
"Ya Allah,,brita tiap hari kok pembunuhan trus ğŸ˜¢",Ya Allahbrita tiap hari kok pembunuhan trus ,"['ya', 'allahbrita', 'tiap', 'hari', 'kok', 'pembunuhan', 'trus']","['ya', 'allahbrita', 'pembunuhan', 'trus']"
Jaman sekarang banyak iblis berwujud manusia,Jaman sekarang banyak iblis berwujud manusia,"['jaman', 'sekarang', 'banyak', 'iblis', 'berwujud', 'manusia']","['jaman', 'iblis', 'berwujud', 'manusia']"
"Astaghfirullaah, Na&#39;uudzubillaahi min dzaalik.",Astaghfirullaah Nauudzubillaahi min dzaalik,"['astaghfirullaah', 'nauudzubillaahi', 'min', 'dzaalik']","['astaghfirullaah', 'nauudzubillaahi', 'min', 'dzaalik']"
Pea,Pea,['pea'],['pea']
"Astaqfirullah Ya Allah semoga lekas sembuh yah Nak , ğŸ˜ªğŸ˜ª",Astaqfirullah Ya Allah semoga lekas sembuh yah Nak  ,"['astaqfirullah', 'ya', 'allah', 'semoga', 'lekas', 'sembuh', 'yah', 'nak']","['astaqfirullah', 'ya', 'allah', 'semoga', 'lekas', 'sembuh', 'yah', 'nak']"
Aamiin,Aamiin,['aamiin'],['aamiin']
Ini lah alasan saya bertahan hidup. Supaya suami ngga nikah lagi dan terjadi hal2 macam ini..,Ini lah alasan saya bertahan hidup Supaya suami ngga nikah lagi dan terjadi hal macam ini,"['ini', 'lah', 'alasan', 'saya', 'bertahan', 'hidup', 'supaya', 'suami', 'ngga', 'nikah', 'lagi', 'dan', 'terjadi', 'hal', 'macam', 'ini']","['alasan', 'bertahan', 'hidup', 'suami', 'ngga', 'nikah']"
Stagfirullah,Stagfirullah,['stagfirullah'],['stagfirullah']
Novi Pratiwi coba liat,Novi Pratiwi coba liat,"['novi', 'pratiwi', 'coba', 'liat']","['novi', 'pratiwi', 'coba', 'liat']"
"Kesal sama suami, anak tiri jadi sasaran",Kesal sama suami anak tiri jadi sasaran,"['kesal', 'sama', 'suami', 'anak', 'tiri', 'jadi', 'sasaran']","['kesal', 'suami', 'anak', 'tiri', 'sasaran']"
Semoga ibu tiri tersebut di hukum gantung..!!!,Semoga ibu tiri tersebut di hukum gantung,"['semoga', 'ibu', 'tiri', 'tersebut', 'di', 'hukum', 'gantung']","['semoga', 'tiri', 'hukum', 'gantung']"
pak polisi 11/12 dgn gibran,pak polisi  dgn gibran,"['pak', 'polisi', 'dgn', 'gibran']","['polisi', 'dgn', 'gibran']"
Akhir2 ini banyak bngt  orang yg sakit jiwa,Akhir ini banyak bngt  orang yg sakit jiwa,"['akhir', 'ini', 'banyak', 'bngt', 'orang', 'yg', 'sakit', 'jiwa']","['bngt', 'orang', 'yg', 'sakit', 'jiwa']"
Ya  allah,Ya  allah,"['ya', 'allah']","['ya', 'allah']"
"Ini bkn pembunuhan berencana, tpi berencana membunuh",Ini bkn pembunuhan berencana tpi berencana membunuh,"['ini', 'bkn', 'pembunuhan', 'berencana', 'tpi', 'berencana', 'membunuh']","['bkn', 'pembunuhan', 'berencana', 'tpi', 'berencana', 'membunuh']"
Betul percobaan pembunuhan kalau menurut saya,Betul percobaan pembunuhan kalau menurut saya,"['betul', 'percobaan', 'pembunuhan', 'kalau', 'menurut', 'saya']","['percobaan', 'pembunuhan']"
Allah huakbar makanya aku cerei sama suami anak&quot;u kubawa semuanyağŸ˜¢,Allah huakbar makanya aku cerei sama suami anakquotu kubawa semuanya,"['allah', 'huakbar', 'makanya', 'aku', 'cerei', 'sama', 'suami', 'anakquotu', 'kubawa', 'semuanya']","['allah', 'huakbar', 'cerei', 'suami', 'anakquotu', 'kubawa']"
Bagus,Bagus,['bagus'],['bagus']
"Klw anak blm besar gak usah nikah lgi pak, urus dulu sampai besar anakmu baru menikah",Klw anak blm besar gak usah nikah lgi pak urus dulu sampai besar anakmu baru menikah,"['klw', 'anak', 'blm', 'besar', 'gak', 'usah', 'nikah', 'lgi', 'pak', 'urus', 'dulu', 'sampai', 'besar', 'anakmu', 'baru', 'menikah']","['klw', 'anak', 'blm', 'gak', 'nikah', 'lgi', 'urus', 'anakmu', 'menikah']"
Sangat setuju,Sangat setuju,"['sangat', 'setuju']",['setuju']
Hukum berat ibu tiri kejam biadab,Hukum berat ibu tiri kejam biadab,"['hukum', 'berat', 'ibu', 'tiri', 'kejam', 'biadab']","['hukum', 'berat', 'tiri', 'kejam', 'biadab']"
"Apa g BS kl ada mslh d bicarakan baik2!? Jngn main bunuh aj, d pke donk akal SHT nya!",Apa g BS kl ada mslh d bicarakan baik Jngn main bunuh aj d pke donk akal SHT nya,"['apa', 'g', 'bs', 'kl', 'ada', 'mslh', 'd', 'bicarakan', 'baik', 'jngn', 'main', 'bunuh', 'aj', 'd', 'pke', 'donk', 'akal', 'sht', 'nya']","['g', 'bs', 'kl', 'mslh', 'd', 'bicarakan', 'jngn', 'main', 'bunuh', 'aj', 'd', 'pke', 'donk', 'akal', 'sht', 'nya']"
"Ya Alloh anak g&#39; tau apa&quot; jd korban permasalahan kedua orang tuanya, kejamnya ibu tiri",Ya Alloh anak g tau apaquot jd korban permasalahan kedua orang tuanya kejamnya ibu tiri,"['ya', 'alloh', 'anak', 'g', 'tau', 'apaquot', 'jd', 'korban', 'permasalahan', 'kedua', 'orang', 'tuanya', 'kejamnya', 'ibu', 'tiri']","['ya', 'alloh', 'anak', 'g', 'tau', 'apaquot', 'jd', 'korban', 'permasalahan', 'orang', 'tuanya', 'kejamnya', 'tiri']"
Sungguh biadab ibu tiri,Sungguh biadab ibu tiri,"['sungguh', 'biadab', 'ibu', 'tiri']","['sungguh', 'biadab', 'tiri']"
Astagfirllah alajim suru ibu tiri juga minum racun tikus Juga supaya bisa merasakan gimana orang keracinan,Astagfirllah alajim suru ibu tiri juga minum racun tikus Juga supaya bisa merasakan gimana orang keracinan,"['astagfirllah', 'alajim', 'suru', 'ibu', 'tiri', 'juga', 'minum', 'racun', 'tikus', 'juga', 'supaya', 'bisa', 'merasakan', 'gimana', 'orang', 'keracinan']","['astagfirllah', 'alajim', 'suru', 'tiri', 'minum', 'racun', 'tikus', 'merasakan', 'gimana', 'orang', 'keracinan']"
Ya Tuhan ibukkkâ€¦knpa hrs anak yg hrs kau jadikan pelampiasan. Ada apa dgn org2 di 62 ini.,Ya Tuhan ibukkkâ€¦knpa hrs anak yg hrs kau jadikan pelampiasan Ada apa dgn org di  ini,"['ya', 'tuhan', 'ibukkkâ€¦knpa', 'hrs', 'anak', 'yg', 'hrs', 'kau', 'jadikan', 'pelampiasan', 'ada', 'apa', 'dgn', 'org', 'di', 'ini']","['ya', 'tuhan', 'ibukkkâ€¦knpa', 'hrs', 'anak', 'yg', 'hrs', 'kau', 'jadikan', 'pelampiasan', 'dgn', 'org']"
La kenapa gak suamimu aja yg diracun,La kenapa gak suamimu aja yg diracun,"['la', 'kenapa', 'gak', 'suamimu', 'aja', 'yg', 'diracun']","['la', 'gak', 'suamimu', 'aja', 'yg', 'diracun']"
"Aduuuhhh...tiap hari ada brita yg tdk enak,,ada apa negeriku??.",Aduuuhhhtiap hari ada brita yg tdk enakada apa negeriku,"['aduuuhhhtiap', 'hari', 'ada', 'brita', 'yg', 'tdk', 'enakada', 'apa', 'negeriku']","['aduuuhhhtiap', 'brita', 'yg', 'tdk', 'enakada', 'negeriku']"
Di mana hati nurani ibu biadab tak punya hti perut kah,Di mana hati nurani ibu biadab tak punya hti perut kah,"['di', 'mana', 'hati', 'nurani', 'ibu', 'biadab', 'tak', 'punya', 'hti', 'perut', 'kah']","['hati', 'nurani', 'biadab', 'hti', 'perut', 'kah']"
Inalillahi sadis Amay,Inalillahi sadis Amay,"['inalillahi', 'sadis', 'amay']","['inalillahi', 'sadis', 'amay']"
"Oh pada dasar nya dia mau menghilangkan anak itu karena bapa nya syg sama anak itu, ini iblis betina, di kira sakit hati karena main cewe, cuma karena ikut pulang dan iri dengki biadab sama anak tiri di karenakan bapaknya syg itu anak, amit perempuan tak punya hati",Oh pada dasar nya dia mau menghilangkan anak itu karena bapa nya syg sama anak itu ini iblis betina di kira sakit hati karena main cewe cuma karena ikut pulang dan iri dengki biadab sama anak tiri di karenakan bapaknya syg itu anak amit perempuan tak punya hati,"['oh', 'pada', 'dasar', 'nya', 'dia', 'mau', 'menghilangkan', 'anak', 'itu', 'karena', 'bapa', 'nya', 'syg', 'sama', 'anak', 'itu', 'ini', 'iblis', 'betina', 'di', 'kira', 'sakit', 'hati', 'karena', 'main', 'cewe', 'cuma', 'karena', 'ikut', 'pulang', 'dan', 'iri', 'dengki', 'biadab', 'sama', 'anak', 'tiri', 'di', 'karenakan', 'bapaknya', 'syg', 'itu', 'anak', 'amit', 'perempuan', 'tak', 'punya', 'hati']","['oh', 'dasar', 'nya', 'menghilangkan', 'anak', 'bapa', 'nya', 'syg', 'anak', 'iblis', 'betina', 'sakit', 'hati', 'main', 'cewe', 'pulang', 'iri', 'dengki', 'biadab', 'anak', 'tiri', 'karenakan', 'bapaknya', 'syg', 'anak', 'amit', 'perempuan', 'hati']"
ora pantes di sebut ibu lawong tego karo anak meskipun itu cmn anak tiri.. kau ini dah tau ibu kandung dr anak udah ninggal malah anaknya mo loe bunuh.. gendeng loe..,ora pantes di sebut ibu lawong tego karo anak meskipun itu cmn anak tiri kau ini dah tau ibu kandung dr anak udah ninggal malah anaknya mo loe bunuh gendeng loe,"['ora', 'pantes', 'di', 'sebut', 'ibu', 'lawong', 'tego', 'karo', 'anak', 'meskipun', 'itu', 'cmn', 'anak', 'tiri', 'kau', 'ini', 'dah', 'tau', 'ibu', 'kandung', 'dr', 'anak', 'udah', 'ninggal', 'malah', 'anaknya', 'mo', 'loe', 'bunuh', 'gendeng', 'loe']","['ora', 'pantes', 'lawong', 'tego', 'karo', 'anak', 'cmn', 'anak', 'tiri', 'kau', 'dah', 'tau', 'kandung', 'dr', 'anak', 'udah', 'ninggal', 'anaknya', 'mo', 'loe', 'bunuh', 'gendeng', 'loe']"
Jijal pak pul cekok i kuwi ibuke karo kopi racun tikus kuwi,Jijal pak pul cekok i kuwi ibuke karo kopi racun tikus kuwi,"['jijal', 'pak', 'pul', 'cekok', 'i', 'kuwi', 'ibuke', 'karo', 'kopi', 'racun', 'tikus', 'kuwi']","['jijal', 'pul', 'cekok', 'i', 'kuwi', 'ibuke', 'karo', 'kopi', 'racun', 'tikus', 'kuwi']"
Perempuan edan itu sakit hati sama bapak nya ngapain loh raÄun Anak nya dasar perempuan cuma mau sama bapaknya,Perempuan edan itu sakit hati sama bapak nya ngapain loh raÄun Anak nya dasar perempuan cuma mau sama bapaknya,"['perempuan', 'edan', 'itu', 'sakit', 'hati', 'sama', 'bapak', 'nya', 'ngapain', 'loh', 'raÄun', 'anak', 'nya', 'dasar', 'perempuan', 'cuma', 'mau', 'sama', 'bapaknya']","['perempuan', 'edan', 'sakit', 'hati', 'nya', 'ngapain', 'loh', 'raÄun', 'anak', 'nya', 'dasar', 'perempuan', 'bapaknya']"
Hukum,Hukum,['hukum'],['hukum']
"horor skli,byk pelaku kejahatan mengerikan, sadiz justru dari org terdekat",horor sklibyk pelaku kejahatan mengerikan sadiz justru dari org terdekat,"['horor', 'sklibyk', 'pelaku', 'kejahatan', 'mengerikan', 'sadiz', 'justru', 'dari', 'org', 'terdekat']","['horor', 'sklibyk', 'pelaku', 'kejahatan', 'mengerikan', 'sadiz', 'org', 'terdekat']"
"Itu lah yg ku takuti sampai saat ini kenapa aku belum nikah lagi, takut aku dapat istri yg cinta nya cuman ke aku",Itu lah yg ku takuti sampai saat ini kenapa aku belum nikah lagi takut aku dapat istri yg cinta nya cuman ke aku,"['itu', 'lah', 'yg', 'ku', 'takuti', 'sampai', 'saat', 'ini', 'kenapa', 'aku', 'belum', 'nikah', 'lagi', 'takut', 'aku', 'dapat', 'istri', 'yg', 'cinta', 'nya', 'cuman', 'ke', 'aku']","['yg', 'ku', 'takuti', 'nikah', 'takut', 'istri', 'yg', 'cinta', 'nya', 'cuman']"
Aku siap mas sayang anak mu juga wkwkwwkwk ğŸ˜‚ğŸ˜‚ğŸ˜‚ğŸ˜‚ğŸ˜‚ğŸ˜‚,Aku siap mas sayang anak mu juga wkwkwwkwk ,"['aku', 'siap', 'mas', 'sayang', 'anak', 'mu', 'juga', 'wkwkwwkwk']","['mas', 'sayang', 'anak', 'mu', 'wkwkwwkwk']"
tega bgt bu.bu.....hatimu terbuat dr apa,tega bgt bubuhatimu terbuat dr apa,"['tega', 'bgt', 'bubuhatimu', 'terbuat', 'dr', 'apa']","['tega', 'bgt', 'bubuhatimu', 'terbuat', 'dr']"
Terbuat dari batu koral dong ğŸ˜‚,Terbuat dari batu koral dong ,"['terbuat', 'dari', 'batu', 'koral', 'dong']","['terbuat', 'batu', 'koral']"
Ya allah bubu mikir bu anak tau apah    anak ko jaji sasaran,Ya allah bubu mikir bu anak tau apah    anak ko jaji sasaran,"['ya', 'allah', 'bubu', 'mikir', 'bu', 'anak', 'tau', 'apah', 'anak', 'ko', 'jaji', 'sasaran']","['ya', 'allah', 'bubu', 'mikir', 'bu', 'anak', 'tau', 'apah', 'anak', 'ko', 'jaji', 'sasaran']"
Semoga anak nya pulih sehat selalu amin yra,Semoga anak nya pulih sehat selalu amin yra,"['semoga', 'anak', 'nya', 'pulih', 'sehat', 'selalu', 'amin', 'yra']","['semoga', 'anak', 'nya', 'pulih', 'sehat', 'amin', 'yra']"
Aamiin,Aamiin,['aamiin'],['aamiin']
"Smoga sgera pulih ya Nak  bisa sehat lkembali,amiin",Smoga sgera pulih ya Nak  bisa sehat lkembaliamiin,"['smoga', 'sgera', 'pulih', 'ya', 'nak', 'bisa', 'sehat', 'lkembaliamiin']","['smoga', 'sgera', 'pulih', 'ya', 'nak', 'sehat', 'lkembaliamiin']"
Kalau gk mau rawat kasih aku ajalah,Kalau gk mau rawat kasih aku ajalah,"['kalau', 'gk', 'mau', 'rawat', 'kasih', 'aku', 'ajalah']","['gk', 'rawat', 'kasih', 'ajalah']"
Yakin ğŸ˜‚,Yakin ,['yakin'],[]
Aku tidak diangap anak sama ibu tiriku..ğŸ¤£,Aku tidak diangap anak sama ibu tirikuğŸ¤£,"['aku', 'tidak', 'diangap', 'anak', 'sama', 'ibu', 'tirikuğŸ¤£']","['diangap', 'anak', 'tirikuğŸ¤£']"
amit2 perempuan kaya gitu kesal sama suami malah anak kecil yg jadi korban harus diproses itu ga nyambung,amit perempuan kaya gitu kesal sama suami malah anak kecil yg jadi korban harus diproses itu ga nyambung,"['amit', 'perempuan', 'kaya', 'gitu', 'kesal', 'sama', 'suami', 'malah', 'anak', 'kecil', 'yg', 'jadi', 'korban', 'harus', 'diproses', 'itu', 'ga', 'nyambung']","['amit', 'perempuan', 'kaya', 'gitu', 'kesal', 'suami', 'anak', 'yg', 'korban', 'diproses', 'ga', 'nyambung']"
Riwanti konslet otak kau,Riwanti konslet otak kau,"['riwanti', 'konslet', 'otak', 'kau']","['riwanti', 'konslet', 'otak', 'kau']"
Mncemarkan nma baik ibu tiri ini mh ğŸ˜¢,Mncemarkan nma baik ibu tiri ini mh ,"['mncemarkan', 'nma', 'baik', 'ibu', 'tiri', 'ini', 'mh']","['mncemarkan', 'nma', 'tiri', 'mh']"
Tercoreng semua para ibu tiri,Tercoreng semua para ibu tiri,"['tercoreng', 'semua', 'para', 'ibu', 'tiri']","['tercoreng', 'tiri']"
Astagfirullah. Biadab amat,Astagfirullah Biadab amat,"['astagfirullah', 'biadab', 'amat']","['astagfirullah', 'biadab']"
Hukum arab  saja.,Hukum arab  saja,"['hukum', 'arab', 'saja']","['hukum', 'arab']"
Astaghfirullah hal&#39;azim,Astaghfirullah halazim,"['astaghfirullah', 'halazim']","['astaghfirullah', 'halazim']"
Kasih racun tikus lgi  buat pelaku biar ngerasain,Kasih racun tikus lgi  buat pelaku biar ngerasain,"['kasih', 'racun', 'tikus', 'lgi', 'buat', 'pelaku', 'biar', 'ngerasain']","['kasih', 'racun', 'tikus', 'lgi', 'pelaku', 'biar', 'ngerasain']"
Setuju banget dong aku ğŸ˜‚ğŸ˜‚ğŸ˜‚,Setuju banget dong aku ,"['setuju', 'banget', 'dong', 'aku']","['setuju', 'banget']"
Jg fi kasih ampun pak polisi,Jg fi kasih ampun pak polisi,"['jg', 'fi', 'kasih', 'ampun', 'pak', 'polisi']","['jg', 'fi', 'kasih', 'ampun', 'polisi']"
pak polisinya mirim mas gibran,pak polisinya mirim mas gibran,"['pak', 'polisinya', 'mirim', 'mas', 'gibran']","['polisinya', 'mirim', 'mas', 'gibran']"
penjara seumur hidup.jangan dikasih ampun.nggak punya hati.,penjara seumur hidupjangan dikasih ampunnggak punya hati,"['penjara', 'seumur', 'hidupjangan', 'dikasih', 'ampunnggak', 'punya', 'hati']","['penjara', 'seumur', 'hidupjangan', 'dikasih', 'ampunnggak', 'hati']"
Kok seumur hidup pula hukuman mati dong yg pas ğŸ˜€,Kok seumur hidup pula hukuman mati dong yg pas ,"['kok', 'seumur', 'hidup', 'pula', 'hukuman', 'mati', 'dong', 'yg', 'pas']","['seumur', 'hidup', 'hukuman', 'mati', 'yg', 'pas']"
astaghfirullah,astaghfirullah,['astaghfirullah'],['astaghfirullah']
"Ayahnya sangat sayang pada anaknya,y jelas sayang anak kandungnya sebab ibunya sudah meninggal,ibu tirinya yg eror",Ayahnya sangat sayang pada anaknyay jelas sayang anak kandungnya sebab ibunya sudah meninggalibu tirinya yg eror,"['ayahnya', 'sangat', 'sayang', 'pada', 'anaknyay', 'jelas', 'sayang', 'anak', 'kandungnya', 'sebab', 'ibunya', 'sudah', 'meninggalibu', 'tirinya', 'yg', 'eror']","['ayahnya', 'sayang', 'anaknyay', 'sayang', 'anak', 'kandungnya', 'ibunya', 'meninggalibu', 'tirinya', 'yg', 'eror']"
"Ada&quot; Ada mkin merajalela pembunuhan di Indonesia segala cara,,astghfirulloh udah gk punya Iman,,",Adaquot Ada mkin merajalela pembunuhan di Indonesia segala caraastghfirulloh udah gk punya Iman,"['adaquot', 'ada', 'mkin', 'merajalela', 'pembunuhan', 'di', 'indonesia', 'segala', 'caraastghfirulloh', 'udah', 'gk', 'punya', 'iman']","['adaquot', 'mkin', 'merajalela', 'pembunuhan', 'indonesia', 'caraastghfirulloh', 'udah', 'gk', 'iman']"
Kejamnya ibu tiri benar adanya...ğŸ›ğŸ›ğŸ›,Kejamnya ibu tiri benar adanya,"['kejamnya', 'ibu', 'tiri', 'benar', 'adanya']","['kejamnya', 'tiri']"
"Kenapa gak cerai saja sihhhğŸ˜­ğŸ˜­ğŸ˜­, Maha suci Allah sudah membuka pintu cerai fungsinya ya untuk kasus kasus seperti ini.",Kenapa gak cerai saja sihhh Maha suci Allah sudah membuka pintu cerai fungsinya ya untuk kasus kasus seperti ini,"['kenapa', 'gak', 'cerai', 'saja', 'sihhh', 'maha', 'suci', 'allah', 'sudah', 'membuka', 'pintu', 'cerai', 'fungsinya', 'ya', 'untuk', 'kasus', 'kasus', 'seperti', 'ini']","['gak', 'cerai', 'sihhh', 'maha', 'suci', 'allah', 'membuka', 'pintu', 'cerai', 'fungsinya', 'ya']"
Betul lebih baik cerai,Betul lebih baik cerai,"['betul', 'lebih', 'baik', 'cerai']",['cerai']
kesel sama pihak polisi knp sih ...narapidana sllu dipakaijan krudung/peci saat mreka jadi tersangka....ANEH GK SIH?,kesel sama pihak polisi knp sih narapidana sllu dipakaijan krudungpeci saat mreka jadi tersangkaANEH GK SIH,"['kesel', 'sama', 'pihak', 'polisi', 'knp', 'sih', 'narapidana', 'sllu', 'dipakaijan', 'krudungpeci', 'saat', 'mreka', 'jadi', 'tersangkaaneh', 'gk', 'sih']","['kesel', 'polisi', 'knp', 'sih', 'narapidana', 'sllu', 'dipakaijan', 'krudungpeci', 'mreka', 'tersangkaaneh', 'gk', 'sih']"
Seharus ny d botakin aja ya...,Seharus ny d botakin aja ya,"['seharus', 'ny', 'd', 'botakin', 'aja', 'ya']","['seharus', 'ny', 'd', 'botakin', 'aja', 'ya']"
Mungkin biar polisi nya ga nafsu kali mbak,Mungkin biar polisi nya ga nafsu kali mbak,"['mungkin', 'biar', 'polisi', 'nya', 'ga', 'nafsu', 'kali', 'mbak']","['biar', 'polisi', 'nya', 'ga', 'nafsu', 'kali', 'mbak']"
"@@heruprasetiyo1689 Hee..Hee...masa sihhh...tp klo artis yg k tangkep,jarang tuh di pakein hijab...ğŸ¤­",heruprasetiyo HeeHeemasa sihhhtp klo artis yg k tangkepjarang tuh di pakein hijabğŸ¤­,"['heruprasetiyo', 'heeheemasa', 'sihhhtp', 'klo', 'artis', 'yg', 'k', 'tangkepjarang', 'tuh', 'di', 'pakein', 'hijabğŸ¤­']","['heruprasetiyo', 'heeheemasa', 'sihhhtp', 'klo', 'artis', 'yg', 'k', 'tangkepjarang', 'tuh', 'pakein', 'hijabğŸ¤­']"
hukum berat ibu ini biadap racuni anak tiri,hukum berat ibu ini biadap racuni anak tiri,"['hukum', 'berat', 'ibu', 'ini', 'biadap', 'racuni', 'anak', 'tiri']","['hukum', 'berat', 'biadap', 'racuni', 'anak', 'tiri']"
Kena pidana tuh... rencana pembunuhan,Kena pidana tuh rencana pembunuhan,"['kena', 'pidana', 'tuh', 'rencana', 'pembunuhan']","['kena', 'pidana', 'tuh', 'rencana', 'pembunuhan']"
Ibu tiri jahat,Ibu tiri jahat,"['ibu', 'tiri', 'jahat']","['tiri', 'jahat']"
Hati nurani mu dimana bu....anak tiri juga manusia bu....,Hati nurani mu dimana buanak tiri juga manusia bu,"['hati', 'nurani', 'mu', 'dimana', 'buanak', 'tiri', 'juga', 'manusia', 'bu']","['hati', 'nurani', 'mu', 'dimana', 'buanak', 'tiri', 'manusia', 'bu']"
Perempuan kok sadis bgtu,Perempuan kok sadis bgtu,"['perempuan', 'kok', 'sadis', 'bgtu']","['perempuan', 'sadis', 'bgtu']"
Percobaan pembunuhan hukum setimpal biar tidak terulang di kemudian hari,Percobaan pembunuhan hukum setimpal biar tidak terulang di kemudian hari,"['percobaan', 'pembunuhan', 'hukum', 'setimpal', 'biar', 'tidak', 'terulang', 'di', 'kemudian', 'hari']","['percobaan', 'pembunuhan', 'hukum', 'setimpal', 'biar', 'terulang']"
Definisi ibu tiri lebih kejam dr ibu kota,Definisi ibu tiri lebih kejam dr ibu kota,"['definisi', 'ibu', 'tiri', 'lebih', 'kejam', 'dr', 'ibu', 'kota']","['definisi', 'tiri', 'kejam', 'dr', 'kota']"
Ya olo ya olo ya olo ngakak bet ğŸ˜‚ğŸ˜‚ğŸ˜‚,Ya olo ya olo ya olo ngakak bet ,"['ya', 'olo', 'ya', 'olo', 'ya', 'olo', 'ngakak', 'bet']","['ya', 'olo', 'ya', 'olo', 'ya', 'olo', 'ngakak', 'bet']"
"Karna rasa cemburu dgn kasih sayang suami terhadap anaknya kandung ,pai mau bunuh anaknya ..aduh kejam banget ,iblis dlm tubuhnya ..semoga korban segera pulih kembali",Karna rasa cemburu dgn kasih sayang suami terhadap anaknya kandung pai mau bunuh anaknya aduh kejam banget iblis dlm tubuhnya semoga korban segera pulih kembali,"['karna', 'rasa', 'cemburu', 'dgn', 'kasih', 'sayang', 'suami', 'terhadap', 'anaknya', 'kandung', 'pai', 'mau', 'bunuh', 'anaknya', 'aduh', 'kejam', 'banget', 'iblis', 'dlm', 'tubuhnya', 'semoga', 'korban', 'segera', 'pulih', 'kembali']","['karna', 'cemburu', 'dgn', 'kasih', 'sayang', 'suami', 'anaknya', 'kandung', 'pai', 'bunuh', 'anaknya', 'aduh', 'kejam', 'banget', 'iblis', 'dlm', 'tubuhnya', 'semoga', 'korban', 'pulih']"
tega sekali ibu tirinya. semoga lekas sembub adik. tetap zehat dan panjang umur,tega sekali ibu tirinya semoga lekas sembub adik tetap zehat dan panjang umur,"['tega', 'sekali', 'ibu', 'tirinya', 'semoga', 'lekas', 'sembub', 'adik', 'tetap', 'zehat', 'dan', 'panjang', 'umur']","['tega', 'tirinya', 'semoga', 'lekas', 'sembub', 'adik', 'zehat', 'umur']"
Takut jadinya punya ibu atau bpk tiri.,Takut jadinya punya ibu atau bpk tiri,"['takut', 'jadinya', 'punya', 'ibu', 'atau', 'bpk', 'tiri']","['takut', 'bpk', 'tiri']"
"â€‹@@Depol289kmrin aja di bekasi ibu kandung yg bunuh anak nya yg masih 6th, krn sakit hati dg suami. Kmrin anak yg bunuh anak di Aceh. Pdhl mrk klrga sekandung lho ğŸ˜®",â€‹Depolkmrin aja di bekasi ibu kandung yg bunuh anak nya yg masih th krn sakit hati dg suami Kmrin anak yg bunuh anak di Aceh Pdhl mrk klrga sekandung lho ,"['\u200bdepolkmrin', 'aja', 'di', 'bekasi', 'ibu', 'kandung', 'yg', 'bunuh', 'anak', 'nya', 'yg', 'masih', 'th', 'krn', 'sakit', 'hati', 'dg', 'suami', 'kmrin', 'anak', 'yg', 'bunuh', 'anak', 'di', 'aceh', 'pdhl', 'mrk', 'klrga', 'sekandung', 'lho']","['\u200bdepolkmrin', 'aja', 'bekasi', 'kandung', 'yg', 'bunuh', 'anak', 'nya', 'yg', 'th', 'krn', 'sakit', 'hati', 'dg', 'suami', 'kmrin', 'anak', 'yg', 'bunuh', 'anak', 'aceh', 'pdhl', 'mrk', 'klrga', 'sekandung', 'lho']"
Untung masih selamat ğŸ˜¢,Untung masih selamat ,"['untung', 'masih', 'selamat']","['untung', 'selamat']"
Ini akibat nya pemerintah kayak GKau tau dngn masalah pembunuhan,Ini akibat nya pemerintah kayak GKau tau dngn masalah pembunuhan,"['ini', 'akibat', 'nya', 'pemerintah', 'kayak', 'gkau', 'tau', 'dngn', 'masalah', 'pembunuhan']","['akibat', 'nya', 'pemerintah', 'kayak', 'gkau', 'tau', 'dngn', 'pembunuhan']"
Apa hubungqnya dgn pemerintah ..namanya pembunuhan itu kesalahan <br>Ibu itu ...otak ngg di pakai loe nyalahin pihak lain,Apa hubungqnya dgn pemerintah namanya pembunuhan itu kesalahan Ibu itu otak ngg di pakai loe nyalahin pihak lain,"['apa', 'hubungqnya', 'dgn', 'pemerintah', 'namanya', 'pembunuhan', 'itu', 'kesalahan', 'ibu', 'itu', 'otak', 'ngg', 'di', 'pakai', 'loe', 'nyalahin', 'pihak', 'lain']","['hubungqnya', 'dgn', 'pemerintah', 'namanya', 'pembunuhan', 'kesalahan', 'otak', 'ngg', 'pakai', 'loe', 'nyalahin']"
Kasih lagi racun keu ibu tirinyah biar dia merasakan gimana rasanyah minum racun tikus bp nyah bersalah anak ga berdosa buat apa anak ampe di racun,Kasih lagi racun keu ibu tirinyah biar dia merasakan gimana rasanyah minum racun tikus bp nyah bersalah anak ga berdosa buat apa anak ampe di racun,"['kasih', 'lagi', 'racun', 'keu', 'ibu', 'tirinyah', 'biar', 'dia', 'merasakan', 'gimana', 'rasanyah', 'minum', 'racun', 'tikus', 'bp', 'nyah', 'bersalah', 'anak', 'ga', 'berdosa', 'buat', 'apa', 'anak', 'ampe', 'di', 'racun']","['kasih', 'racun', 'keu', 'tirinyah', 'biar', 'merasakan', 'gimana', 'rasanyah', 'minum', 'racun', 'tikus', 'bp', 'nyah', 'bersalah', 'anak', 'ga', 'berdosa', 'anak', 'ampe', 'racun']"
Mending bojomu sisan sing di larani buu ojo anake sing lanang.bch ra ngrti mslhe wong tua loo,Mending bojomu sisan sing di larani buu ojo anake sing lanangbch ra ngrti mslhe wong tua loo,"['mending', 'bojomu', 'sisan', 'sing', 'di', 'larani', 'buu', 'ojo', 'anake', 'sing', 'lanangbch', 'ra', 'ngrti', 'mslhe', 'wong', 'tua', 'loo']","['mending', 'bojomu', 'sisan', 'sing', 'larani', 'buu', 'ojo', 'anake', 'sing', 'lanangbch', 'ra', 'ngrti', 'mslhe', 'tua', 'loo']"
Astagfirullah ya Allah jahat SGT ibu tiri ..,Astagfirullah ya Allah jahat SGT ibu tiri ,"['astagfirullah', 'ya', 'allah', 'jahat', 'sgt', 'ibu', 'tiri']","['astagfirullah', 'ya', 'allah', 'jahat', 'sgt', 'tiri']"
Gila,Gila,['gila'],['gila']
Kasian anaknya  jadi pelampiasan ibu tiri jahat,Kasian anaknya  jadi pelampiasan ibu tiri jahat,"['kasian', 'anaknya', 'jadi', 'pelampiasan', 'ibu', 'tiri', 'jahat']","['kasian', 'anaknya', 'pelampiasan', 'tiri', 'jahat']"
Ibu yang kayak gitu... tidak akan dapat mencium bau surga nantinya...,Ibu yang kayak gitu tidak akan dapat mencium bau surga nantinya,"['ibu', 'yang', 'kayak', 'gitu', 'tidak', 'akan', 'dapat', 'mencium', 'bau', 'surga', 'nantinya']","['kayak', 'gitu', 'mencium', 'bau', 'surga']"
"Perempuan jahanam itu, mana mungkin menghisap bau surgapun",Perempuan jahanam itu mana mungkin menghisap bau surgapun,"['perempuan', 'jahanam', 'itu', 'mana', 'mungkin', 'menghisap', 'bau', 'surgapun']","['perempuan', 'jahanam', 'menghisap', 'bau', 'surgapun']"
Gantian!!<br>Racuni balik,GantianRacuni balik,"['gantianracuni', 'balik']",['gantianracuni']
"Kalau kesal sama suaminya, kenapa anak tirinya yang jadi korban ? Tega banget itu masih kecil bu !  Kalau tidak mau nerima anaknya ya jangan sama bapaknya. Cari duda tak beranak atau bujang Bu !",Kalau kesal sama suaminya kenapa anak tirinya yang jadi korban  Tega banget itu masih kecil bu   Kalau tidak mau nerima anaknya ya jangan sama bapaknya Cari duda tak beranak atau bujang Bu ,"['kalau', 'kesal', 'sama', 'suaminya', 'kenapa', 'anak', 'tirinya', 'yang', 'jadi', 'korban', 'tega', 'banget', 'itu', 'masih', 'kecil', 'bu', 'kalau', 'tidak', 'mau', 'nerima', 'anaknya', 'ya', 'jangan', 'sama', 'bapaknya', 'cari', 'duda', 'tak', 'beranak', 'atau', 'bujang', 'bu']","['kesal', 'suaminya', 'anak', 'tirinya', 'korban', 'tega', 'banget', 'bu', 'nerima', 'anaknya', 'ya', 'bapaknya', 'cari', 'duda', 'beranak', 'bujang', 'bu']"
Ngeri perempuan seperti itu,Ngeri perempuan seperti itu,"['ngeri', 'perempuan', 'seperti', 'itu']","['ngeri', 'perempuan']"
@@user-vt5qf9kb3i gak ada hati gak ada otak sepertinya,uservtqfkbi gak ada hati gak ada otak sepertinya,"['uservtqfkbi', 'gak', 'ada', 'hati', 'gak', 'ada', 'otak', 'sepertinya']","['uservtqfkbi', 'gak', 'hati', 'gak', 'otak']"
"Ya Allah nak,,, <br>Semoga Allah menjaga dan melindungimu nak...",Ya Allah nak Semoga Allah menjaga dan melindungimu nak,"['ya', 'allah', 'nak', 'semoga', 'allah', 'menjaga', 'dan', 'melindungimu', 'nak']","['ya', 'allah', 'nak', 'semoga', 'allah', 'menjaga', 'melindungimu', 'nak']"
hukum mati,hukum mati,"['hukum', 'mati']","['hukum', 'mati']"
Ibu tiri kurang ajar.. Hukum mati wanita spt ini.. Bahaya manusia spt ini..,Ibu tiri kurang ajar Hukum mati wanita spt ini Bahaya manusia spt ini,"['ibu', 'tiri', 'kurang', 'ajar', 'hukum', 'mati', 'wanita', 'spt', 'ini', 'bahaya', 'manusia', 'spt', 'ini']","['tiri', 'ajar', 'hukum', 'mati', 'wanita', 'spt', 'bahaya', 'manusia', 'spt']"
Di cerai kan langsung talak telu,Di cerai kan langsung talak telu,"['di', 'cerai', 'kan', 'langsung', 'talak', 'telu']","['cerai', 'langsung', 'talak', 'telu']"
"ga punya otak, anak ga dosa kenapa dia yg diracun?",ga punya otak anak ga dosa kenapa dia yg diracun,"['ga', 'punya', 'otak', 'anak', 'ga', 'dosa', 'kenapa', 'dia', 'yg', 'diracun']","['ga', 'otak', 'anak', 'ga', 'dosa', 'yg', 'diracun']"
"Ibu tiri mah, bnyk jahat",Ibu tiri mah bnyk jahat,"['ibu', 'tiri', 'mah', 'bnyk', 'jahat']","['tiri', 'mah', 'bnyk', 'jahat']"
Wayae di keploki dase disik sak urungge di gowo nek kanpol,Wayae di keploki dase disik sak urungge di gowo nek kanpol,"['wayae', 'di', 'keploki', 'dase', 'disik', 'sak', 'urungge', 'di', 'gowo', 'nek', 'kanpol']","['wayae', 'keploki', 'dase', 'disik', 'sak', 'urungge', 'gowo', 'nek', 'kanpol']"
Pembunuhan berencana,Pembunuhan berencana,"['pembunuhan', 'berencana']","['pembunuhan', 'berencana']"
kenapa sakit imbasnya ke anaknya bu,kenapa sakit imbasnya ke anaknya bu,"['kenapa', 'sakit', 'imbasnya', 'ke', 'anaknya', 'bu']","['sakit', 'imbasnya', 'anaknya', 'bu']"
wanitajahatmodelbeginiwajibdicerailangsug.gausahdiliriklagi.jangansampai.didekati.olehlakilakilain.nya.eanita.inimembahayakan.,wanitajahatmodelbeginiwajibdicerailangsuggausahdiliriklagijangansampaididekatiolehlakilakilainnyaeanitainimembahayakan,['wanitajahatmodelbeginiwajibdicerailangsuggausahdiliriklagijangansampaididekatiolehlakilakilainnyaeanitainimembahayakan'],['wanitajahatmodelbeginiwajibdicerailangsuggausahdiliriklagijangansampaididekatiolehlakilakilainnyaeanitainimembahayakan']
"Buat para duda dan jg janda berhati&quot;lh dlm mencari pasangn kmbli,pstikn mereka menerima pasangn dan jg ank dengn tulus.jk gk mau terjadi hal&quot;yg gk diinginkn",Buat para duda dan jg janda berhatiquotlh dlm mencari pasangn kmblipstikn mereka menerima pasangn dan jg ank dengn tulusjk gk mau terjadi halquotyg gk diinginkn,"['buat', 'para', 'duda', 'dan', 'jg', 'janda', 'berhatiquotlh', 'dlm', 'mencari', 'pasangn', 'kmblipstikn', 'mereka', 'menerima', 'pasangn', 'dan', 'jg', 'ank', 'dengn', 'tulusjk', 'gk', 'mau', 'terjadi', 'halquotyg', 'gk', 'diinginkn']","['duda', 'jg', 'janda', 'berhatiquotlh', 'dlm', 'mencari', 'pasangn', 'kmblipstikn', 'menerima', 'pasangn', 'jg', 'ank', 'dengn', 'tulusjk', 'gk', 'halquotyg', 'gk', 'diinginkn']"
Bahaya orang tua seperti ini,Bahaya orang tua seperti ini,"['bahaya', 'orang', 'tua', 'seperti', 'ini']","['bahaya', 'orang', 'tua']"
para.pendukungsiAnis.wsjibmelihat.ini..Ibutiri+Anaktiri.siAnis<br>imigrandari.yaman.+petibumi..ituharusdibukamatahatimuparapendukungsiAnis.meleklahmatahayimu...,parapendukungsiAniswsjibmelihatiniIbutiriAnaktirisiAnisimigrandariyamanpetibumiituharusdibukamatahatimuparapendukungsiAnismeleklahmatahayimu,['parapendukungsianiswsjibmelihatiniibutirianaktirisianisimigrandariyamanpetibumiituharusdibukamatahatimuparapendukungsianismeleklahmatahayimu'],['parapendukungsianiswsjibmelihatiniibutirianaktirisianisimigrandariyamanpetibumiituharusdibukamatahatimuparapendukungsianismeleklahmatahayimu']
Loh anak gak salah apa2 kok diracun! Gak mikir ini tindak kriminal,Loh anak gak salah apa kok diracun Gak mikir ini tindak kriminal,"['loh', 'anak', 'gak', 'salah', 'apa', 'kok', 'diracun', 'gak', 'mikir', 'ini', 'tindak', 'kriminal']","['loh', 'anak', 'gak', 'salah', 'diracun', 'gak', 'mikir', 'tindak', 'kriminal']"
penjahat ibu kejam. harus di hukum,penjahat ibu kejam harus di hukum,"['penjahat', 'ibu', 'kejam', 'harus', 'di', 'hukum']","['penjahat', 'kejam', 'hukum']"
Langsung berhijab ğŸ˜‚ğŸ˜‚ğŸ˜‚ org org berhijab itu jahat,Langsung berhijab  org org berhijab itu jahat,"['langsung', 'berhijab', 'org', 'org', 'berhijab', 'itu', 'jahat']","['langsung', 'berhijab', 'org', 'org', 'berhijab', 'jahat']"
Ibu kota lebih kejam ibu tiri ğŸ˜­ğŸ˜­ğŸ˜­ğŸ˜­,Ibu kota lebih kejam ibu tiri ,"['ibu', 'kota', 'lebih', 'kejam', 'ibu', 'tiri']","['kota', 'kejam', 'tiri']"
Ibu tiri itu adalah Dajjal sesungguhnya jdi harus di beri hukum mati untuk para ibu tiri,Ibu tiri itu adalah Dajjal sesungguhnya jdi harus di beri hukum mati untuk para ibu tiri,"['ibu', 'tiri', 'itu', 'adalah', 'dajjal', 'sesungguhnya', 'jdi', 'harus', 'di', 'beri', 'hukum', 'mati', 'untuk', 'para', 'ibu', 'tiri']","['tiri', 'dajjal', 'sesungguhnya', 'jdi', 'hukum', 'mati', 'tiri']"
Ini ibu tiri gila sih sadis,Ini ibu tiri gila sih sadis,"['ini', 'ibu', 'tiri', 'gila', 'sih', 'sadis']","['tiri', 'gila', 'sih', 'sadis']"
Bner,Bner,['bner'],['bner']
Sungguh biadab .seandainya mati tu anak bgmn .kasihanx tu ank smg selamat dan baik2 sja,Sungguh biadab seandainya mati tu anak bgmn kasihanx tu ank smg selamat dan baik sja,"['sungguh', 'biadab', 'seandainya', 'mati', 'tu', 'anak', 'bgmn', 'kasihanx', 'tu', 'ank', 'smg', 'selamat', 'dan', 'baik', 'sja']","['sungguh', 'biadab', 'seandainya', 'mati', 'tu', 'anak', 'bgmn', 'kasihanx', 'tu', 'ank', 'smg', 'selamat', 'sja']"
Yaallh teganya sembuhkn Yaallh keluarkn semua racun yg ada d tubuhnya hukm 15th biar mti d penjara,Yaallh teganya sembuhkn Yaallh keluarkn semua racun yg ada d tubuhnya hukm th biar mti d penjara,"['yaallh', 'teganya', 'sembuhkn', 'yaallh', 'keluarkn', 'semua', 'racun', 'yg', 'ada', 'd', 'tubuhnya', 'hukm', 'th', 'biar', 'mti', 'd', 'penjara']","['yaallh', 'teganya', 'sembuhkn', 'yaallh', 'keluarkn', 'racun', 'yg', 'd', 'tubuhnya', 'hukm', 'th', 'biar', 'mti', 'd', 'penjara']"
Hukum mati saja,Hukum mati saja,"['hukum', 'mati', 'saja']","['hukum', 'mati']"
Hukum seberat2 nya biar jeraaaa,Hukum seberat nya biar jeraaaa,"['hukum', 'seberat', 'nya', 'biar', 'jeraaaa']","['hukum', 'seberat', 'nya', 'biar', 'jeraaaa']"
Ya Allah ğŸ˜¢ğŸ˜¢ğŸ˜¢kasihan,Ya Allah kasihan,"['ya', 'allah', 'kasihan']","['ya', 'allah', 'kasihan']"
Ibu tiri sadis hkm yg setmpl sewot sm bpky ko anky yg diracun bpky yg diracn,Ibu tiri sadis hkm yg setmpl sewot sm bpky ko anky yg diracun bpky yg diracn,"['ibu', 'tiri', 'sadis', 'hkm', 'yg', 'setmpl', 'sewot', 'sm', 'bpky', 'ko', 'anky', 'yg', 'diracun', 'bpky', 'yg', 'diracn']","['tiri', 'sadis', 'hkm', 'yg', 'setmpl', 'sewot', 'sm', 'bpky', 'ko', 'anky', 'yg', 'diracun', 'bpky', 'yg', 'diracn']"
Biasa itu mah langsung dipakein jilbab supaya para kafir secara gak langsung bisa melecehkan agama islam biar orangÂ² kafir bilang &quot;tuh liat kelakuan orangÂ² islam&quot; lagu lama kaset kusut,Biasa itu mah langsung dipakein jilbab supaya para kafir secara gak langsung bisa melecehkan agama islam biar orangÂ² kafir bilang quottuh liat kelakuan orangÂ² islamquot lagu lama kaset kusut,"['biasa', 'itu', 'mah', 'langsung', 'dipakein', 'jilbab', 'supaya', 'para', 'kafir', 'secara', 'gak', 'langsung', 'bisa', 'melecehkan', 'agama', 'islam', 'biar', 'orangÂ²', 'kafir', 'bilang', 'quottuh', 'liat', 'kelakuan', 'orangÂ²', 'islamquot', 'lagu', 'lama', 'kaset', 'kusut']","['mah', 'langsung', 'dipakein', 'jilbab', 'kafir', 'gak', 'langsung', 'melecehkan', 'agama', 'islam', 'biar', 'orangÂ²', 'kafir', 'bilang', 'quottuh', 'liat', 'kelakuan', 'orangÂ²', 'islamquot', 'lagu', 'kaset', 'kusut']"
Harusss di hukum gatung tuh ibu tiri emg kejam,Harusss di hukum gatung tuh ibu tiri emg kejam,"['harusss', 'di', 'hukum', 'gatung', 'tuh', 'ibu', 'tiri', 'emg', 'kejam']","['harusss', 'hukum', 'gatung', 'tuh', 'tiri', 'emg', 'kejam']"
Edan...ğŸ˜¢,Edan,['edan'],['edan']
Gila ibu tiri nya,Gila ibu tiri nya,"['gila', 'ibu', 'tiri', 'nya']","['gila', 'tiri', 'nya']"
Ai s ibu ..am3k ka bapak na nu d racun anak na..salah sasaran.,Ai s ibu amk ka bapak na nu d racun anak nasalah sasaran,"['ai', 's', 'ibu', 'amk', 'ka', 'bapak', 'na', 'nu', 'd', 'racun', 'anak', 'nasalah', 'sasaran']","['ai', 's', 'amk', 'ka', 'na', 'nu', 'd', 'racun', 'anak', 'nasalah', 'sasaran']"
Ya Allah.... nggak boleh begitu bu...hukuman dunia akhirat siap menunggumu Bu....,Ya Allah nggak boleh begitu buhukuman dunia akhirat siap menunggumu Bu,"['ya', 'allah', 'nggak', 'boleh', 'begitu', 'buhukuman', 'dunia', 'akhirat', 'siap', 'menunggumu', 'bu']","['ya', 'allah', 'nggak', 'buhukuman', 'dunia', 'akhirat', 'menunggumu', 'bu']"
biadap,biadap,['biadap'],['biadap']
Hrse yg diracun suami nya bu...jangan anake..ank gk tau ap2 buu stresss,Hrse yg diracun suami nya bujangan anakeank gk tau ap buu stresss,"['hrse', 'yg', 'diracun', 'suami', 'nya', 'bujangan', 'anakeank', 'gk', 'tau', 'ap', 'buu', 'stresss']","['hrse', 'yg', 'diracun', 'suami', 'nya', 'bujangan', 'anakeank', 'gk', 'tau', 'ap', 'buu', 'stresss']"
Penjara kan org kayak gtu mahhh....biar kuapokkk and jeraaa dia.,Penjara kan org kayak gtu mahhhbiar kuapokkk and jeraaa dia,"['penjara', 'kan', 'org', 'kayak', 'gtu', 'mahhhbiar', 'kuapokkk', 'and', 'jeraaa', 'dia']","['penjara', 'org', 'kayak', 'gtu', 'mahhhbiar', 'kuapokkk', 'and', 'jeraaa']"
"Astaghfirullah alazin,tega banget Bu racuni anak tirimu mana hati nuranimu anak itu tidak bersalah",Astaghfirullah alazintega banget Bu racuni anak tirimu mana hati nuranimu anak itu tidak bersalah,"['astaghfirullah', 'alazintega', 'banget', 'bu', 'racuni', 'anak', 'tirimu', 'mana', 'hati', 'nuranimu', 'anak', 'itu', 'tidak', 'bersalah']","['astaghfirullah', 'alazintega', 'banget', 'bu', 'racuni', 'anak', 'tirimu', 'hati', 'nuranimu', 'anak', 'bersalah']"
Betul itu kk ğŸ˜¢,Betul itu kk ,"['betul', 'itu', 'kk']",['kk']
Harus di hukum mati,Harus di hukum mati,"['harus', 'di', 'hukum', 'mati']","['hukum', 'mati']"
Jelas ada unsur kesengajaan dan perencanaan tapi semua butuh bukti,Jelas ada unsur kesengajaan dan perencanaan tapi semua butuh bukti,"['jelas', 'ada', 'unsur', 'kesengajaan', 'dan', 'perencanaan', 'tapi', 'semua', 'butuh', 'bukti']","['unsur', 'kesengajaan', 'perencanaan', 'butuh', 'bukti']"
Dasar wong bejatttt .....emosi saya kalau ada wanita nyiksa anak kecil,Dasar wong bejatttt emosi saya kalau ada wanita nyiksa anak kecil,"['dasar', 'wong', 'bejatttt', 'emosi', 'saya', 'kalau', 'ada', 'wanita', 'nyiksa', 'anak', 'kecil']","['dasar', 'bejatttt', 'emosi', 'wanita', 'nyiksa', 'anak']"
Kesal Deng ko PU laki..kenapa lampiaskan ke anaknya..gila kau mmg ya...coba kasih rasa racun tikus it ke perempuan gila tu..biar Dy rasa..apa yg ade tu rasa..,Kesal Deng ko PU lakikenapa lampiaskan ke anaknyagila kau mmg yacoba kasih rasa racun tikus it ke perempuan gila tubiar Dy rasaapa yg ade tu rasa,"['kesal', 'deng', 'ko', 'pu', 'lakikenapa', 'lampiaskan', 'ke', 'anaknyagila', 'kau', 'mmg', 'yacoba', 'kasih', 'rasa', 'racun', 'tikus', 'it', 'ke', 'perempuan', 'gila', 'tubiar', 'dy', 'rasaapa', 'yg', 'ade', 'tu', 'rasa']","['kesal', 'deng', 'ko', 'pu', 'lakikenapa', 'lampiaskan', 'anaknyagila', 'kau', 'mmg', 'yacoba', 'kasih', 'racun', 'tikus', 'it', 'perempuan', 'gila', 'tubiar', 'dy', 'rasaapa', 'yg', 'ade', 'tu']"
Gantian tu Ibu Tirinya suruh minum racun dasar  Ibu tiri kejam,Gantian tu Ibu Tirinya suruh minum racun dasar  Ibu tiri kejam,"['gantian', 'tu', 'ibu', 'tirinya', 'suruh', 'minum', 'racun', 'dasar', 'ibu', 'tiri', 'kejam']","['gantian', 'tu', 'tirinya', 'suruh', 'minum', 'racun', 'dasar', 'tiri', 'kejam']"
Kenapa Pelaku Langsung Pakai Jilbab...???,Kenapa Pelaku Langsung Pakai Jilbab,"['kenapa', 'pelaku', 'langsung', 'pakai', 'jilbab']","['pelaku', 'langsung', 'pakai', 'jilbab']"
SANGAT ANEH EMANG POLUSI NI PLAKU SLLU DIPAKAIKAN KRUDUNG/]PECI,SANGAT ANEH EMANG POLUSI NI PLAKU SLLU DIPAKAIKAN KRUDUNGPECI,"['sangat', 'aneh', 'emang', 'polusi', 'ni', 'plaku', 'sllu', 'dipakaikan', 'krudungpeci']","['aneh', 'emang', 'polusi', 'ni', 'plaku', 'sllu', 'dipakaikan', 'krudungpeci']"
Anak jadi sasaran....anak ngga salah apa2 bu...,Anak jadi sasarananak ngga salah apa bu,"['anak', 'jadi', 'sasarananak', 'ngga', 'salah', 'apa', 'bu']","['anak', 'sasarananak', 'ngga', 'salah', 'bu']"
Otak ny eror ibu sambung ny pasti masalah ekonomi,Otak ny eror ibu sambung ny pasti masalah ekonomi,"['otak', 'ny', 'eror', 'ibu', 'sambung', 'ny', 'pasti', 'masalah', 'ekonomi']","['otak', 'ny', 'eror', 'sambung', 'ny', 'ekonomi']"
Klw bnr shrsnya racun suaminya dan tetep rawat anak tirinya ğŸ‘ğŸ‘ğŸ‘,Klw bnr shrsnya racun suaminya dan tetep rawat anak tirinya ,"['klw', 'bnr', 'shrsnya', 'racun', 'suaminya', 'dan', 'tetep', 'rawat', 'anak', 'tirinya']","['klw', 'bnr', 'shrsnya', 'racun', 'suaminya', 'tetep', 'rawat', 'anak', 'tirinya']"
Namanya juga org stress,Namanya juga org stress,"['namanya', 'juga', 'org', 'stress']","['namanya', 'org', 'stress']"
Yaallah kasian bngt  itu ank jadi sasaran orang  tua ada aj disosmed ini ngeri bngt,Yaallah kasian bngt  itu ank jadi sasaran orang  tua ada aj disosmed ini ngeri bngt,"['yaallah', 'kasian', 'bngt', 'itu', 'ank', 'jadi', 'sasaran', 'orang', 'tua', 'ada', 'aj', 'disosmed', 'ini', 'ngeri', 'bngt']","['yaallah', 'kasian', 'bngt', 'ank', 'sasaran', 'orang', 'tua', 'aj', 'disosmed', 'ngeri', 'bngt']"
ğŸ˜¢ğŸ˜¢ğŸ˜¢ AU zubillah Imin zelikkk semuga dijauhkan dari orang yg keji and biadapp yerobbğŸ˜¢ğŸ˜¢, AU zubillah Imin zelikkk semuga dijauhkan dari orang yg keji and biadapp yerobb,"['au', 'zubillah', 'imin', 'zelikkk', 'semuga', 'dijauhkan', 'dari', 'orang', 'yg', 'keji', 'and', 'biadapp', 'yerobb']","['au', 'zubillah', 'imin', 'zelikkk', 'semuga', 'dijauhkan', 'orang', 'yg', 'keji', 'and', 'biadapp', 'yerobb']"
Minum aja sendiri Bu,Minum aja sendiri Bu,"['minum', 'aja', 'sendiri', 'bu']","['minum', 'aja', 'bu']"
Emmg  sdh di putuskan meracuni anak tirinya masuk penjara nunggu nasi cadong makan minum gratis gak usah kerja<br>Di ind banyak org kawin cerai jadi banyak anak tari  <br>Mangkanya anakku masih kecil&quot;aku gak mau nikah kasihan sama anakku,Emmg  sdh di putuskan meracuni anak tirinya masuk penjara nunggu nasi cadong makan minum gratis gak usah kerjaDi ind banyak org kawin cerai jadi banyak anak tari  Mangkanya anakku masih kecilquotaku gak mau nikah kasihan sama anakku,"['emmg', 'sdh', 'di', 'putuskan', 'meracuni', 'anak', 'tirinya', 'masuk', 'penjara', 'nunggu', 'nasi', 'cadong', 'makan', 'minum', 'gratis', 'gak', 'usah', 'kerjadi', 'ind', 'banyak', 'org', 'kawin', 'cerai', 'jadi', 'banyak', 'anak', 'tari', 'mangkanya', 'anakku', 'masih', 'kecilquotaku', 'gak', 'mau', 'nikah', 'kasihan', 'sama', 'anakku']","['emmg', 'sdh', 'putuskan', 'meracuni', 'anak', 'tirinya', 'masuk', 'penjara', 'nunggu', 'nasi', 'cadong', 'makan', 'minum', 'gratis', 'gak', 'kerjadi', 'ind', 'org', 'kawin', 'cerai', 'anak', 'tari', 'mangkanya', 'anakku', 'kecilquotaku', 'gak', 'nikah', 'kasihan', 'anakku']"
aku lebi baik sendiri aku sakit hati bgt ingat jamanku pertama hamil sampai skrg anaku umur 14 taun aku gk pingin nika lagi lebi bsik kerja cari uang besarin anaku  ibadah untuk anaku saja lebi baik memberbaiki hidupku anaku beribadah bersedehka mendekatkan diri  sama Alloh alhmdulilah hidupku tenang adem ayem,aku lebi baik sendiri aku sakit hati bgt ingat jamanku pertama hamil sampai skrg anaku umur  taun aku gk pingin nika lagi lebi bsik kerja cari uang besarin anaku  ibadah untuk anaku saja lebi baik memberbaiki hidupku anaku beribadah bersedehka mendekatkan diri  sama Alloh alhmdulilah hidupku tenang adem ayem,"['aku', 'lebi', 'baik', 'sendiri', 'aku', 'sakit', 'hati', 'bgt', 'ingat', 'jamanku', 'pertama', 'hamil', 'sampai', 'skrg', 'anaku', 'umur', 'taun', 'aku', 'gk', 'pingin', 'nika', 'lagi', 'lebi', 'bsik', 'kerja', 'cari', 'uang', 'besarin', 'anaku', 'ibadah', 'untuk', 'anaku', 'saja', 'lebi', 'baik', 'memberbaiki', 'hidupku', 'anaku', 'beribadah', 'bersedehka', 'mendekatkan', 'diri', 'sama', 'alloh', 'alhmdulilah', 'hidupku', 'tenang', 'adem', 'ayem']","['lebi', 'sakit', 'hati', 'bgt', 'jamanku', 'hamil', 'skrg', 'anaku', 'umur', 'taun', 'gk', 'pingin', 'nika', 'lebi', 'bsik', 'kerja', 'cari', 'uang', 'besarin', 'anaku', 'ibadah', 'anaku', 'lebi', 'memberbaiki', 'hidupku', 'anaku', 'beribadah', 'bersedehka', 'mendekatkan', 'alloh', 'alhmdulilah', 'hidupku', 'tenang', 'adem', 'ayem']"
"Aku bersyukur, punya anak satu sekarang sudah besar sudah skripsi, tapi aku dapat suami yg sayang sama anakku, dari anak usia 6 tahun aku nikah lagi, tapi sama suami keduaku ini, aku tidak punya anak lagi, tp suami sudah ikhlas bahkan sangat sayang sama aku dan anakku, aku merasa jd orang paling beruntung ğŸ’œğŸ’œ",Aku bersyukur punya anak satu sekarang sudah besar sudah skripsi tapi aku dapat suami yg sayang sama anakku dari anak usia  tahun aku nikah lagi tapi sama suami keduaku ini aku tidak punya anak lagi tp suami sudah ikhlas bahkan sangat sayang sama aku dan anakku aku merasa jd orang paling beruntung ,"['aku', 'bersyukur', 'punya', 'anak', 'satu', 'sekarang', 'sudah', 'besar', 'sudah', 'skripsi', 'tapi', 'aku', 'dapat', 'suami', 'yg', 'sayang', 'sama', 'anakku', 'dari', 'anak', 'usia', 'tahun', 'aku', 'nikah', 'lagi', 'tapi', 'sama', 'suami', 'keduaku', 'ini', 'aku', 'tidak', 'punya', 'anak', 'lagi', 'tp', 'suami', 'sudah', 'ikhlas', 'bahkan', 'sangat', 'sayang', 'sama', 'aku', 'dan', 'anakku', 'aku', 'merasa', 'jd', 'orang', 'paling', 'beruntung']","['bersyukur', 'anak', 'skripsi', 'suami', 'yg', 'sayang', 'anakku', 'anak', 'usia', 'nikah', 'suami', 'keduaku', 'anak', 'tp', 'suami', 'ikhlas', 'sayang', 'anakku', 'jd', 'orang', 'beruntung']"
@@user-si9ef4hf7t alhmdulilah semogah langeng truss mbak aminn,usersiefhft alhmdulilah semogah langeng truss mbak aminn,"['usersiefhft', 'alhmdulilah', 'semogah', 'langeng', 'truss', 'mbak', 'aminn']","['usersiefhft', 'alhmdulilah', 'semogah', 'langeng', 'truss', 'mbak', 'aminn']"
â€‹@@user-si9ef4hf7tAlhamdulillah ya mbak ketemu pak suami yang sayang anak nya mbak ğŸ˜¢,â€‹usersiefhftAlhamdulillah ya mbak ketemu pak suami yang sayang anak nya mbak ,"['\u200busersiefhftalhamdulillah', 'ya', 'mbak', 'ketemu', 'pak', 'suami', 'yang', 'sayang', 'anak', 'nya', 'mbak']","['\u200busersiefhftalhamdulillah', 'ya', 'mbak', 'ketemu', 'suami', 'sayang', 'anak', 'nya', 'mbak']"
"Ya trimakasih semuanya atas segala doanya, semoga tuhan jg memberkati semuanya pd bahagia bersama keluarga selamanya, amin",Ya trimakasih semuanya atas segala doanya semoga tuhan jg memberkati semuanya pd bahagia bersama keluarga selamanya amin,"['ya', 'trimakasih', 'semuanya', 'atas', 'segala', 'doanya', 'semoga', 'tuhan', 'jg', 'memberkati', 'semuanya', 'pd', 'bahagia', 'bersama', 'keluarga', 'selamanya', 'amin']","['ya', 'trimakasih', 'doanya', 'semoga', 'tuhan', 'jg', 'memberkati', 'pd', 'bahagia', 'keluarga', 'amin']"
busukin dipenjra,busukin dipenjra,"['busukin', 'dipenjra']","['busukin', 'dipenjra']"
Td wkt di mobil ga pk jilbab. Knp tiba&quot; pk jilbab..,Td wkt di mobil ga pk jilbab Knp tibaquot pk jilbab,"['td', 'wkt', 'di', 'mobil', 'ga', 'pk', 'jilbab', 'knp', 'tibaquot', 'pk', 'jilbab']","['td', 'wkt', 'mobil', 'ga', 'pk', 'jilbab', 'knp', 'tibaquot', 'pk', 'jilbab']"
Iya aneh ya,Iya aneh ya,"['iya', 'aneh', 'ya']","['iya', 'aneh', 'ya']"
Penjarakan ibu seperti inilah,Penjarakan ibu seperti inilah,"['penjarakan', 'ibu', 'seperti', 'inilah']",['penjarakan']
Kurang Ajar Tuh Tua bangka<br>Audzubillah Mindalik,Kurang Ajar Tuh Tua bangkaAudzubillah Mindalik,"['kurang', 'ajar', 'tuh', 'tua', 'bangkaaudzubillah', 'mindalik']","['ajar', 'tuh', 'tua', 'bangkaaudzubillah', 'mindalik']"
Rupanya seperti tikus mbokkk...kurang ajar anak gak tau apa&quot;mau di bunuh,Rupanya seperti tikus mbokkkkurang ajar anak gak tau apaquotmau di bunuh,"['rupanya', 'seperti', 'tikus', 'mbokkkkurang', 'ajar', 'anak', 'gak', 'tau', 'apaquotmau', 'di', 'bunuh']","['tikus', 'mbokkkkurang', 'ajar', 'anak', 'gak', 'tau', 'apaquotmau', 'bunuh']"
Itu kenapa pake krudung pas jadi tersangka ğŸ˜‚,Itu kenapa pake krudung pas jadi tersangka ,"['itu', 'kenapa', 'pake', 'krudung', 'pas', 'jadi', 'tersangka']","['pake', 'krudung', 'pas', 'tersangka']"
Biadab,Biadab,['biadab'],['biadab']
Nggk da otakğŸ˜¢ğŸ˜¢,Nggk da otak,"['nggk', 'da', 'otak']","['nggk', 'da', 'otak']"
Otak ada Bro..  hati yg kagak ada... ğŸ˜‚ğŸ˜‚,Otak ada Bro  hati yg kagak ada ,"['otak', 'ada', 'bro', 'hati', 'yg', 'kagak', 'ada']","['otak', 'bro', 'hati', 'yg', 'kagak']"
â€‹@@sinatria3535otak gak ada karena gak pake akal,â€‹sinatriaotak gak ada karena gak pake akal,"['\u200bsinatriaotak', 'gak', 'ada', 'karena', 'gak', 'pake', 'akal']","['\u200bsinatriaotak', 'gak', 'gak', 'pake', 'akal']"
